{"stats":{"minecraft:broken":{"minecraft:bow":3},"minecraft:crafted":{"minecraft:chain":3,"minecraft:polished_blackstone_slab":24,"minecraft:diamond_shovel":1,"minecraft:purpur_stairs":36,"minecraft:purpur_pillar":5,"minecraft:bricks":7,"minecraft:golden_boots":4,"minecraft:flower_pot":1,"minecraft:redstone_lamp":4,"minecraft:smithing_table":5,"minecraft:painting":2,"minecraft:golden_leggings":6,"minecraft:stick":144,"minecraft:leather_chestplate":1,"minecraft:iron_ingot":1,"minecraft:polished_blackstone_bricks":8,"minecraft:tripwire_hook":10,"minecraft:leather_leggings":1,"minecraft:leather_boots":3,"minecraft:golden_chestplate":10,"minecraft:iron_nugget":90,"minecraft:soul_torch":20,"minecraft:jack_o_lantern":3,"minecraft:lantern":5,"minecraft:dark_oak_planks":44,"minecraft:golden_helmet":8,"minecraft:glistering_melon_slice":4,"minecraft:diamond_sword":1,"minecraft:purpur_slab":18,"minecraft:polished_blackstone_brick_slab":12,"minecraft:enchanting_table":4,"minecraft:leather_helmet":2,"minecraft:gold_nugget":36,"minecraft:white_bed":7,"minecraft:torch":40,"minecraft:golden_hoe":4},"minecraft:mined":{"minecraft:dark_oak_planks":104,"minecraft:obsidian":21,"minecraft:carved_pumpkin":4,"minecraft:lime_stained_glass":2,"minecraft:blue_wool":14,"minecraft:glowstone":4,"minecraft:iron_ore":49,"minecraft:pumpkin":1,"minecraft:red_bed":6,"minecraft:blue_stained_glass":1,"minecraft:melon":4,"minecraft:cobblestone":14,"minecraft:slime_block":11,"minecraft:oak_planks":18,"minecraft:bricks":40,"minecraft:yellow_wool":32,"minecraft:tnt":1,"minecraft:purpur_block":94,"minecraft:lime_terracotta":4,"minecraft:yellow_terracotta":7,"minecraft:diamond_ore":17,"minecraft:red_stained_glass":1,"minecraft:dark_oak_log":13,"minecraft:end_stone":11,"minecraft:lime_wool":7,"minecraft:redstone_ore":13,"minecraft:gold_block":15,"minecraft:bookshelf":5,"minecraft:rail":42,"minecraft:white_wool":24,"minecraft:glass_pane":8,"minecraft:red_wool":19,"minecraft:soul_sand":7,"minecraft:blue_bed":5,"minecraft:lime_bed":3,"minecraft:yellow_bed":4,"minecraft:coal_ore":20,"minecraft:polished_blackstone":43,"minecraft:gold_ore":1489},"minecraft:killed_by":{"minecraft:player":91,"minecraft:warden":6},"minecraft:custom":{"minecraft:interact_with_crafting_table":123,"minecraft:open_barrel":17,"minecraft:open_shulker_box":1,"minecraft:leave_game":85,"minecraft:time_since_death":5949,"minecraft:damage_resisted":307067,"minecraft:sprint_one_cm":6353094,"minecraft:drop":632,"minecraft:play_time":1897820,"minecraft:deaths":211,"minecraft:jump":24481,"minecraft:walk_on_water_one_cm":5817,"minecraft:open_enderchest":145,"minecraft:damage_dealt":14063,"minecraft:player_kills":63,"minecraft:crouch_one_cm":256295,"minecraft:interact_with_smithing_table":2,"minecraft:interact_with_anvil":5,"minecraft:mob_kills":109,"minecraft:damage_dealt_resisted":19921,"minecraft:climb_one_cm":31145,"minecraft:walk_one_cm":4405973,"minecraft:damage_dealt_absorbed":10,"minecraft:sneak_time":119583,"minecraft:walk_under_water_one_cm":48027,"minecraft:interact_with_blast_furnace":3,"minecraft:total_world_time":422376,"minecraft:time_since_rest":5950,"minecraft:damage_absorbed":160,"minecraft:damage_taken":123962,"minecraft:trigger_trapped_chest":23,"minecraft:minecart_one_cm":8512,"minecraft:swim_one_cm":101653,"minecraft:fly_one_cm":12402882,"minecraft:open_chest":476,"minecraft:aviate_one_cm":30182,"minecraft:fall_one_cm":1322769},"minecraft:used":{"minecraft:nether_brick_fence":4,"minecraft:light_blue_stained_glass_pane":23,"minecraft:blue_terracotta":26,"minecraft:polished_granite_stairs":4,"minecraft:spruce_slab":9,"minecraft:carrot_on_a_stick":387,"minecraft:elytra":1,"minecraft:ladder":3,"minecraft:oak_sign":27,"minecraft:black_carpet":2,"minecraft:white_concrete_powder":2,"minecraft:green_banner":17,"minecraft:white_terracotta":361,"minecraft:stone":732,"minecraft:iron_sword":207,"minecraft:bubble_coral":6,"minecraft:player_head":6,"minecraft:green_terracotta":15,"minecraft:tube_coral":10,"minecraft:stripped_crimson_stem":3,"minecraft:blue_stained_glass":72,"minecraft:snowball":51,"minecraft:milk_bucket":1,"minecraft:obsidian":4,"minecraft:polished_blackstone_slab":88,"minecraft:glass":1,"minecraft:bricks":7,"minecraft:coal_ore":2,"minecraft:black_stained_glass_pane":19,"minecraft:quartz_slab":29,"minecraft:red_wool":430,"minecraft:spruce_wood":13,"minecraft:lantern":16,"minecraft:grass_block":794,"minecraft:quartz_block":2,"minecraft:polished_andesite_stairs":5,"minecraft:green_wool":5,"minecraft:warped_nylium":1,"minecraft:dark_oak_slab":85,"minecraft:diorite_wall":10,"minecraft:pink_wool":3,"minecraft:item_frame":24,"minecraft:bedrock":15,"minecraft:golden_sword":28,"minecraft:birch_trapdoor":4,"minecraft:red_carpet":1,"minecraft:redstone_lamp":2,"minecraft:red_nether_brick_wall":1,"minecraft:bow":134,"minecraft:horn_coral":6,"minecraft:acacia_fence":1,"minecraft:gold_block":5,"minecraft:egg":440,"minecraft:fire_coral_fan":18,"minecraft:seagrass":17,"minecraft:dark_prismarine_stairs":7,"minecraft:polished_blackstone_stairs":17,"minecraft:emerald_ore":2,"minecraft:tube_coral_fan":7,"minecraft:diorite":81,"minecraft:end_rod":12,"minecraft:warped_fungus_on_a_stick":9,"minecraft:stripped_birch_log":10,"minecraft:red_stained_glass":103,"minecraft:powered_rail":22,"minecraft:dark_oak_sign":8,"minecraft:oak_planks":286,"minecraft:ender_pearl":3,"minecraft:sandstone":163,"minecraft:diamond_axe":163,"minecraft:purpur_pillar":19,"minecraft:large_amethyst_bud":1,"minecraft:white_wool":46,"minecraft:brain_coral":8,"minecraft:golden_apple":7,"minecraft:sand":229,"minecraft:yellow_terracotta":395,"minecraft:light_blue_concrete":30,"minecraft:black_banner":9,"minecraft:yellow_concrete":7,"minecraft:blackstone_wall":2,"minecraft:purple_terracotta":18,"minecraft:end_stone":634,"minecraft:black_terracotta":109,"minecraft:green_concrete":4,"minecraft:black_concrete":47,"minecraft:birch_slab":14,"minecraft:heavy_weighted_pressure_plate":1,"minecraft:cyan_carpet":8,"minecraft:string":1,"minecraft:stone_button":3,"minecraft:white_glazed_terracotta":6,"minecraft:red_terracotta":433,"minecraft:polished_granite":9,"minecraft:diamond_ore":2,"minecraft:soul_lantern":2,"minecraft:diamond_sword":81,"minecraft:wooden_sword":305,"minecraft:stripped_oak_wood":75,"minecraft:dark_oak_fence":3,"minecraft:andesite":5,"minecraft:white_stained_glass":3,"minecraft:birch_log":44,"minecraft:chain":23,"minecraft:white_concrete":19,"minecraft:bone_meal":292,"minecraft:cobweb":6,"minecraft:diorite_stairs":2,"minecraft:trident":62,"minecraft:netherite_sword":115,"minecraft:jungle_leaves":4,"minecraft:iron_bars":8,"minecraft:acacia_log":1,"minecraft:red_concrete":2,"minecraft:armor_stand":4,"minecraft:light_blue_terracotta":28,"minecraft:ender_chest":3,"minecraft:stripped_birch_wood":8,"minecraft:polished_blackstone_wall":10,"minecraft:dried_kelp_block":2,"minecraft:dirt":233,"minecraft:red_nether_brick_slab":7,"minecraft:anvil":35,"minecraft:white_carpet":13,"minecraft:light_gray_glazed_terracotta":4,"minecraft:polished_diorite":12,"minecraft:iron_hoe":9,"minecraft:brown_terracotta":73,"minecraft:bookshelf":8,"minecraft:yellow_stained_glass":28,"minecraft:oak_stairs":3,"minecraft:slime_block":14,"minecraft:brick_stairs":11,"minecraft:crimson_planks":15,"minecraft:yellow_concrete_powder":1,"minecraft:purple_concrete":23,"minecraft:black_stained_glass":7,"minecraft:gray_glazed_terracotta":9,"minecraft:goat_horn":39,"minecraft:white_stained_glass_pane":1,"minecraft:podzol":1,"minecraft:netherite_pickaxe":1493,"minecraft:acacia_planks":1,"minecraft:turtle_egg":28,"minecraft:enchanted_golden_apple":1,"minecraft:horn_coral_fan":4,"minecraft:quartz_bricks":54,"minecraft:iron_ore":4,"minecraft:polished_andesite":7,"minecraft:lime_wool":210,"minecraft:blue_wool":504,"minecraft:red_mushroom_block":2,"minecraft:spruce_sign":2,"minecraft:gold_ore":2,"minecraft:polished_blackstone_bricks":5,"minecraft:pink_concrete":80,"minecraft:polished_blackstone_pressure_plate":2,"minecraft:diamond_block":16,"minecraft:lime_terracotta":176,"minecraft:rail":98,"minecraft:terracotta":14,"minecraft:strider_spawn_egg":1,"minecraft:oak_slab":1,"minecraft:tnt":2,"minecraft:crafting_table":4,"minecraft:red_bed":1,"minecraft:birch_sign":3,"minecraft:campfire":2,"minecraft:fire_coral":10,"minecraft:painting":13,"minecraft:spruce_log":87,"minecraft:flower_pot":4,"minecraft:diamond_pickaxe":452,"minecraft:black_wool":215,"minecraft:diamond_shovel":17,"minecraft:oak_button":1,"minecraft:iron_pickaxe":57,"minecraft:lapis_ore":2,"minecraft:spruce_pressure_plate":1,"minecraft:detector_rail":2,"minecraft:leather_helmet":221,"minecraft:spruce_trapdoor":6,"minecraft:crimson_nylium":1,"minecraft:yellow_wool":396,"minecraft:potion":15,"minecraft:jungle_door":3,"minecraft:glass_pane":23,"minecraft:sea_pickle":52,"minecraft:polished_blackstone_button":24,"minecraft:smooth_stone":52,"minecraft:birch_stairs":20},"minecraft:picked_up":{"minecraft:redstone_block":1,"minecraft:smithing_table":3,"minecraft:lead":7,"minecraft:diamond_sword":1,"minecraft:potion":9,"minecraft:turtle_egg":1,"minecraft:oak_sign":4,"minecraft:enchanted_golden_apple":1,"minecraft:golden_helmet":1,"minecraft:purpur_pillar":1,"minecraft:porkchop":1073,"minecraft:goat_horn":1,"minecraft:blue_stained_glass":1,"minecraft:cooked_beef":98,"minecraft:birch_slab":1,"minecraft:golden_leggings":1,"minecraft:netherite_leggings":1,"minecraft:dirt":7,"minecraft:bow":4,"minecraft:grass_block":1,"minecraft:diamond":327,"minecraft:golden_apple":7,"minecraft:emerald":358,"minecraft:oak_leaves":5,"minecraft:diamond_pickaxe":4,"minecraft:purpur_block":29,"minecraft:wooden_sword":1,"minecraft:compass":1,"minecraft:iron_shovel":15,"minecraft:player_head":4,"minecraft:egg":1,"minecraft:lime_wool":13,"minecraft:sandstone":2,"minecraft:polished_blackstone_bricks":2,"minecraft:netherite_pickaxe":1,"minecraft:purple_terracotta":2,"minecraft:arrow":1,"minecraft:gold_ingot":1999,"minecraft:white_wool":74,"minecraft:spruce_wood":1,"minecraft:iron_ingot":8870,"minecraft:dark_oak_slab":1,"minecraft:diamond_shovel":2,"minecraft:diamond_axe":2},"minecraft:killed":{"minecraft:tropical_fish":1},"minecraft:dropped":{"minecraft:iron_sword":1,"minecraft:cooked_beef":98,"minecraft:diamond":9,"minecraft:dark_oak_slab":1,"minecraft:red_wool":49,"minecraft:birch_slab":1,"minecraft:emerald":242,"minecraft:dirt":7,"minecraft:wooden_sword":2,"minecraft:polished_blackstone_bricks":2,"minecraft:white_wool":74,"minecraft:gold_ingot":139,"minecraft:purpur_block":29,"minecraft:compass":1,"minecraft:goat_horn":1,"minecraft:blue_wool":111,"minecraft:blue_stained_glass":1,"minecraft:spruce_wood":1,"minecraft:arrow":2,"minecraft:oak_leaves":5,"minecraft:iron_ingot":46,"minecraft:purple_terracotta":2,"minecraft:netherite_pickaxe":1,"minecraft:golden_helmet":1,"minecraft:smithing_table":3,"minecraft:tnt":2,"minecraft:lead":5,"minecraft:grass_block":1,"minecraft:turtle_egg":1,"minecraft:potion":2,"minecraft:iron_axe":3,"minecraft:iron_shovel":15,"minecraft:redstone_block":1,"minecraft:player_head":1,"minecraft:oak_sign":1,"minecraft:red_terracotta":3,"minecraft:diamond_sword":1,"minecraft:diamond_pickaxe":2,"minecraft:golden_leggings":1,"minecraft:sandstone":2}},"DataVersion":3218}