{"stats":{"minecraft:broken":{"minecraft:bow":7},"minecraft:dropped":{"minecraft:iron_sword":1,"minecraft:cooked_beef":98,"minecraft:diamond":15,"minecraft:dark_oak_slab":1,"minecraft:red_wool":49,"minecraft:birch_slab":1,"minecraft:emerald":244,"minecraft:dirt":7,"minecraft:wooden_sword":2,"minecraft:polished_blackstone_bricks":2,"minecraft:purple_wool":13,"minecraft:black_concrete":1,"minecraft:white_wool":74,"minecraft:gold_ingot":139,"minecraft:purpur_block":29,"minecraft:compass":1,"minecraft:goat_horn":2,"minecraft:spyglass":1,"minecraft:blue_wool":111,"minecraft:blue_stained_glass":1,"minecraft:spruce_wood":1,"minecraft:arrow":2,"minecraft:oak_leaves":5,"minecraft:iron_ingot":47,"minecraft:purple_terracotta":2,"minecraft:netherite_pickaxe":1,"minecraft:golden_helmet":1,"minecraft:tnt":2,"minecraft:smithing_table":3,"minecraft:lead":5,"minecraft:grass_block":1,"minecraft:turtle_egg":1,"minecraft:potion":2,"minecraft:iron_axe":3,"minecraft:smooth_stone":1,"minecraft:iron_shovel":15,"minecraft:redstone_block":1,"minecraft:netherite_hoe":1,"minecraft:player_head":1,"minecraft:oak_sign":1,"minecraft:red_terracotta":3,"minecraft:lightning_rod":4,"minecraft:flint_and_steel":1,"minecraft:diamond_sword":1,"minecraft:diamond_pickaxe":3,"minecraft:golden_leggings":1,"minecraft:sandstone":2},"minecraft:killed_by":{"minecraft:player":267,"minecraft:warden":12},"minecraft:picked_up":{"minecraft:redstone_block":1,"minecraft:smithing_table":3,"minecraft:lead":7,"minecraft:diamond_sword":1,"minecraft:turtle_egg":1,"minecraft:potion":9,"minecraft:oak_sign":4,"minecraft:smooth_stone":1,"minecraft:enchanted_golden_apple":1,"minecraft:golden_helmet":1,"minecraft:purpur_pillar":1,"minecraft:porkchop":1073,"minecraft:lightning_rod":4,"minecraft:goat_horn":2,"minecraft:blue_stained_glass":1,"minecraft:blaze_rod":1,"minecraft:cooked_beef":98,"minecraft:birch_slab":1,"minecraft:golden_leggings":1,"minecraft:netherite_leggings":1,"minecraft:dirt":7,"minecraft:bow":4,"minecraft:grass_block":1,"minecraft:diamond":487,"minecraft:black_concrete":1,"minecraft:golden_apple":7,"minecraft:emerald":387,"minecraft:oak_leaves":5,"minecraft:diamond_pickaxe":5,"minecraft:purple_wool":12,"minecraft:purpur_block":29,"minecraft:wooden_sword":1,"minecraft:compass":1,"minecraft:iron_shovel":15,"minecraft:player_head":4,"minecraft:egg":1,"minecraft:lime_wool":13,"minecraft:sandstone":2,"minecraft:polished_blackstone_bricks":2,"minecraft:netherite_pickaxe":1,"minecraft:purple_terracotta":2,"minecraft:arrow":1,"minecraft:gold_ingot":2180,"minecraft:white_wool":74,"minecraft:spruce_wood":1,"minecraft:iron_ingot":9760,"minecraft:dark_oak_slab":1,"minecraft:spyglass":1,"minecraft:diamond_shovel":2,"minecraft:diamond_axe":2},"minecraft:custom":{"minecraft:interact_with_crafting_table":152,"minecraft:open_barrel":18,"minecraft:open_shulker_box":1,"minecraft:leave_game":168,"minecraft:time_since_death":1626,"minecraft:damage_resisted":362073,"minecraft:sprint_one_cm":9945932,"minecraft:drop":665,"minecraft:talked_to_villager":10,"minecraft:play_time":2999104,"minecraft:deaths":425,"minecraft:jump":40639,"minecraft:walk_on_water_one_cm":11421,"minecraft:open_enderchest":145,"minecraft:damage_dealt":29226,"minecraft:player_kills":177,"minecraft:crouch_one_cm":432061,"minecraft:interact_with_smithing_table":2,"minecraft:mob_kills":129,"minecraft:interact_with_anvil":5,"minecraft:damage_dealt_resisted":19921,"minecraft:climb_one_cm":173742,"minecraft:walk_one_cm":6055490,"minecraft:damage_dealt_absorbed":25,"minecraft:sneak_time":186275,"minecraft:walk_under_water_one_cm":53021,"minecraft:interact_with_blast_furnace":3,"minecraft:total_world_time":1523660,"minecraft:time_since_rest":1628,"minecraft:damage_absorbed":320,"minecraft:damage_taken":262060,"minecraft:trigger_trapped_chest":33,"minecraft:minecart_one_cm":8718,"minecraft:swim_one_cm":103290,"minecraft:fly_one_cm":19964323,"minecraft:open_chest":694,"minecraft:aviate_one_cm":56594,"minecraft:fall_one_cm":2012688},"minecraft:killed":{"minecraft:tropical_fish":1,"minecraft:player":34},"minecraft:used":{"minecraft:nether_brick_fence":6,"minecraft:light_blue_stained_glass_pane":40,"minecraft:blue_terracotta":42,"minecraft:polished_granite_stairs":4,"minecraft:polished_deepslate":1,"minecraft:spruce_slab":9,"minecraft:carrot_on_a_stick":498,"minecraft:elytra":1,"minecraft:ladder":4,"minecraft:oak_sign":39,"minecraft:black_carpet":2,"minecraft:decorated_pot":1,"minecraft:white_concrete_powder":2,"minecraft:green_banner":17,"minecraft:white_terracotta":575,"minecraft:brown_concrete":119,"minecraft:stone":732,"minecraft:iron_sword":226,"minecraft:stripped_jungle_wood":1,"minecraft:red_nether_brick_stairs":7,"minecraft:bubble_coral":6,"minecraft:player_head":6,"minecraft:green_terracotta":21,"minecraft:stripped_crimson_stem":3,"minecraft:waxed_weathered_cut_copper_stairs":15,"minecraft:tube_coral":10,"minecraft:blue_stained_glass":72,"minecraft:orange_wool":8,"minecraft:pink_terracotta":2,"minecraft:cyan_wool":254,"minecraft:snowball":68,"minecraft:milk_bucket":1,"minecraft:obsidian":4,"minecraft:polished_blackstone_slab":88,"minecraft:glass":34,"minecraft:cyan_terracotta":3,"minecraft:mangrove_log":2,"minecraft:bricks":7,"minecraft:coal_ore":2,"minecraft:spruce_wood":13,"minecraft:mangrove_stairs":10,"minecraft:quartz_slab":29,"minecraft:red_wool":685,"minecraft:black_stained_glass_pane":33,"minecraft:lantern":16,"minecraft:grass_block":799,"minecraft:green_wool":5,"minecraft:polished_andesite_stairs":5,"minecraft:quartz_block":2,"minecraft:warped_nylium":1,"minecraft:dark_oak_slab":85,"minecraft:diorite_wall":10,"minecraft:pink_wool":124,"minecraft:item_frame":33,"minecraft:spruce_hanging_sign":3,"minecraft:bedrock":15,"minecraft:golden_sword":33,"minecraft:birch_trapdoor":5,"minecraft:reinforced_deepslate":4,"minecraft:red_carpet":1,"minecraft:redstone_lamp":2,"minecraft:red_nether_brick_wall":1,"minecraft:bow":151,"minecraft:horn_coral":6,"minecraft:acacia_fence":16,"minecraft:gold_block":5,"minecraft:egg":496,"minecraft:pink_concrete_powder":2,"minecraft:fire_coral_fan":18,"minecraft:seagrass":17,"minecraft:polished_blackstone_stairs":17,"minecraft:dark_prismarine_stairs":7,"minecraft:brown_concrete_powder":16,"minecraft:stripped_spruce_wood":20,"minecraft:emerald_ore":2,"minecraft:end_rod":12,"minecraft:diorite":81,"minecraft:tube_coral_fan":7,"minecraft:warped_fungus_on_a_stick":9,"minecraft:stripped_birch_log":10,"minecraft:red_stained_glass":133,"minecraft:dark_oak_sign":10,"minecraft:acacia_trapdoor":5,"minecraft:powered_rail":30,"minecraft:mangrove_planks":10,"minecraft:oak_planks":286,"minecraft:ender_pearl":5,"minecraft:sandstone":163,"minecraft:black_glazed_terracotta":59,"minecraft:redstone_block":143,"minecraft:diamond_axe":207,"minecraft:purpur_pillar":19,"minecraft:large_amethyst_bud":1,"minecraft:respawn_anchor":2,"minecraft:bamboo_stairs":8,"minecraft:white_wool":237,"minecraft:brain_coral":8,"minecraft:golden_apple":14,"minecraft:stripped_mangrove_wood":44,"minecraft:sand":229,"minecraft:yellow_terracotta":508,"minecraft:light_blue_concrete":30,"minecraft:light_blue_wool":40,"minecraft:black_banner":15,"minecraft:crossbow":73,"minecraft:yellow_concrete":7,"minecraft:purple_terracotta":18,"minecraft:blackstone_wall":2,"minecraft:gray_concrete":1,"minecraft:end_stone":670,"minecraft:lightning_rod":1,"minecraft:black_terracotta":115,"minecraft:green_concrete":4,"minecraft:black_concrete":85,"minecraft:birch_slab":14,"minecraft:heavy_weighted_pressure_plate":1,"minecraft:string":1,"minecraft:brown_wool":14,"minecraft:stone_button":3,"minecraft:cyan_carpet":8,"minecraft:white_glazed_terracotta":6,"minecraft:red_terracotta":461,"minecraft:polished_granite":10,"minecraft:diamond_ore":2,"minecraft:prismarine_wall":2,"minecraft:soul_lantern":2,"minecraft:diamond_sword":81,"minecraft:wooden_sword":341,"minecraft:stripped_oak_wood":270,"minecraft:dark_oak_fence":3,"minecraft:andesite":5,"minecraft:white_stained_glass":3,"minecraft:birch_log":44,"minecraft:chain":23,"minecraft:white_concrete":162,"minecraft:warped_button":2,"minecraft:bone_meal":292,"minecraft:purple_wool":24,"minecraft:cobweb":6,"minecraft:diorite_stairs":2,"minecraft:oak_trapdoor":3,"minecraft:oak_fence":14,"minecraft:trident":188,"minecraft:netherite_sword":151,"minecraft:jungle_leaves":4,"minecraft:iron_bars":8,"minecraft:acacia_log":34,"minecraft:flint_and_steel":3,"minecraft:cracked_deepslate_bricks":1,"minecraft:red_concrete":2,"minecraft:armor_stand":4,"minecraft:pufferfish_spawn_egg":12,"minecraft:light_blue_terracotta":52,"minecraft:tinted_glass":23,"minecraft:ender_chest":3,"minecraft:stripped_birch_wood":8,"minecraft:polished_blackstone_wall":10,"minecraft:dried_kelp_block":2,"minecraft:anvil":35,"minecraft:red_nether_brick_slab":7,"minecraft:dirt":233,"minecraft:spyglass":5,"minecraft:target":23,"minecraft:white_carpet":13,"minecraft:twisting_vines":7,"minecraft:light_gray_glazed_terracotta":4,"minecraft:bee_nest":2,"minecraft:mud_brick_stairs":11,"minecraft:polished_diorite":12,"minecraft:iron_hoe":149,"minecraft:brown_terracotta":164,"minecraft:dark_oak_planks":2,"minecraft:bookshelf":8,"minecraft:yellow_stained_glass":34,"minecraft:iron_block":1,"minecraft:oak_stairs":3,"minecraft:acacia_slab":24,"minecraft:brick_stairs":11,"minecraft:slime_block":14,"minecraft:warped_fence":1,"minecraft:crimson_planks":15,"minecraft:yellow_concrete_powder":1,"minecraft:light_gray_wool":123,"minecraft:purple_concrete":23,"minecraft:black_stained_glass":14,"minecraft:gray_glazed_terracotta":9,"minecraft:iron_trapdoor":3,"minecraft:goat_horn":244,"minecraft:white_stained_glass_pane":1,"minecraft:podzol":1,"minecraft:netherite_pickaxe":1567,"minecraft:acacia_planks":23,"minecraft:turtle_egg":28,"minecraft:enchanted_golden_apple":1,"minecraft:bamboo_planks":4,"minecraft:horn_coral_fan":4,"minecraft:pointed_dripstone":6,"minecraft:quartz_bricks":54,"minecraft:water_bucket":4,"minecraft:nether_brick_wall":1,"minecraft:iron_ore":4,"minecraft:lodestone":12,"minecraft:polished_andesite":7,"minecraft:lime_wool":210,"minecraft:blue_wool":543,"minecraft:red_mushroom_block":2,"minecraft:spruce_sign":5,"minecraft:gold_ore":2,"minecraft:deepslate_bricks":2,"minecraft:polished_blackstone_bricks":5,"minecraft:pink_concrete":80,"minecraft:waxed_exposed_copper":1,"minecraft:polished_blackstone_pressure_plate":2,"minecraft:diamond_block":16,"minecraft:lime_terracotta":187,"minecraft:rail":128,"minecraft:terracotta":14,"minecraft:strider_spawn_egg":20,"minecraft:oak_slab":16,"minecraft:tnt":10,"minecraft:crafting_table":4,"minecraft:red_bed":1,"minecraft:birch_sign":3,"minecraft:campfire":2,"minecraft:fire_coral":10,"minecraft:painting":13,"minecraft:spruce_log":87,"minecraft:dark_oak_door":5,"minecraft:netherite_block":21,"minecraft:flower_pot":4,"minecraft:diamond_pickaxe":555,"minecraft:acacia_stairs":70,"minecraft:black_wool":333,"minecraft:diamond_shovel":20,"minecraft:oak_button":1,"minecraft:iron_pickaxe":66,"minecraft:lapis_ore":2,"minecraft:spruce_pressure_plate":1,"minecraft:detector_rail":2,"minecraft:leather_helmet":355,"minecraft:spruce_trapdoor":6,"minecraft:crimson_nylium":1,"minecraft:yellow_wool":494,"minecraft:potion":19,"minecraft:mud_brick_wall":3,"minecraft:jungle_door":3,"minecraft:bucket":2,"minecraft:glass_pane":23,"minecraft:sea_pickle":52,"minecraft:polished_blackstone_button":89,"minecraft:gray_wool":127,"minecraft:brown_mushroom_block":30,"minecraft:smooth_stone":151,"minecraft:birch_stairs":20,"minecraft:green_stained_glass":2},"minecraft:mined":{"minecraft:dark_oak_planks":137,"minecraft:obsidian":26,"minecraft:carved_pumpkin":4,"minecraft:lime_stained_glass":2,"minecraft:blue_wool":21,"minecraft:glowstone":5,"minecraft:iron_ore":63,"minecraft:fire":3,"minecraft:pumpkin":1,"minecraft:red_bed":7,"minecraft:blue_stained_glass":1,"minecraft:melon":4,"minecraft:glass":10,"minecraft:cobblestone":21,"minecraft:slime_block":12,"minecraft:oak_planks":19,"minecraft:bricks":56,"minecraft:yellow_wool":36,"minecraft:tnt":1,"minecraft:purpur_block":123,"minecraft:lime_terracotta":4,"minecraft:yellow_terracotta":7,"minecraft:diamond_ore":23,"minecraft:red_stained_glass":1,"minecraft:dark_oak_log":14,"minecraft:end_stone":11,"minecraft:lime_wool":7,"minecraft:redstone_ore":15,"minecraft:gold_block":20,"minecraft:bookshelf":6,"minecraft:rail":42,"minecraft:white_wool":34,"minecraft:glass_pane":113,"minecraft:red_wool":21,"minecraft:soul_sand":7,"minecraft:blue_bed":5,"minecraft:lime_bed":3,"minecraft:yellow_bed":5,"minecraft:coal_ore":21,"minecraft:polished_blackstone":57,"minecraft:gold_ore":1560},"minecraft:crafted":{"minecraft:chain":4,"minecraft:polished_blackstone_slab":30,"minecraft:diamond_shovel":1,"minecraft:purpur_stairs":52,"minecraft:purpur_pillar":5,"minecraft:bricks":8,"minecraft:golden_boots":4,"minecraft:flower_pot":3,"minecraft:redstone_lamp":5,"minecraft:smithing_table":8,"minecraft:painting":3,"minecraft:golden_leggings":6,"minecraft:stick":164,"minecraft:leather_chestplate":1,"minecraft:iron_ingot":1,"minecraft:polished_blackstone_bricks":12,"minecraft:tripwire_hook":12,"minecraft:leather_leggings":1,"minecraft:leather_boots":3,"minecraft:golden_chestplate":10,"minecraft:iron_nugget":108,"minecraft:soul_torch":20,"minecraft:jack_o_lantern":3,"minecraft:lantern":5,"minecraft:dark_oak_planks":48,"minecraft:golden_helmet":8,"minecraft:glistering_melon_slice":4,"minecraft:diamond_sword":2,"minecraft:purpur_slab":18,"minecraft:polished_blackstone_brick_slab":18,"minecraft:enchanting_table":5,"minecraft:leather_helmet":2,"minecraft:gold_nugget":36,"minecraft:white_bed":10,"minecraft:torch":40,"minecraft:golden_hoe":4}},"DataVersion":3578}