{"stats":{"minecraft:broken":{"minecraft:bow":1},"minecraft:crafted":{"minecraft:tripwire_hook":4,"minecraft:leather_boots":2,"minecraft:iron_nugget":72,"minecraft:chain":3,"minecraft:soul_torch":12,"minecraft:polished_blackstone_slab":24,"minecraft:jack_o_lantern":2,"minecraft:purpur_stairs":24,"minecraft:lantern":5,"minecraft:purpur_pillar":4,"minecraft:bricks":5,"minecraft:dark_oak_planks":32,"minecraft:flower_pot":1,"minecraft:glistering_melon_slice":2,"minecraft:redstone_lamp":1,"minecraft:diamond_sword":1,"minecraft:purpur_slab":18,"minecraft:polished_blackstone_brick_slab":18,"minecraft:enchanting_table":2,"minecraft:smithing_table":3,"minecraft:leather_helmet":1,"minecraft:painting":1,"minecraft:gold_nugget":18,"minecraft:stick":84,"minecraft:white_bed":6,"minecraft:torch":32,"minecraft:polished_blackstone_bricks":12,"minecraft:golden_hoe":3},"minecraft:mined":{"minecraft:dark_oak_planks":62,"minecraft:diamond_ore":12,"minecraft:dark_oak_log":8,"minecraft:end_stone":9,"minecraft:obsidian":12,"minecraft:carved_pumpkin":3,"minecraft:lime_stained_glass":5,"minecraft:redstone_ore":3,"minecraft:glowstone":2,"minecraft:iron_ore":28,"minecraft:pumpkin":2,"minecraft:gold_block":5,"minecraft:bookshelf":3,"minecraft:rail":12,"minecraft:white_wool":19,"minecraft:glass_pane":4,"minecraft:red_wool":7,"minecraft:soul_sand":3,"minecraft:melon":3,"minecraft:chest":1,"minecraft:cobblestone":15,"minecraft:slime_block":6,"minecraft:oak_planks":9,"minecraft:bricks":35,"minecraft:blue_bed":1,"minecraft:lime_bed":1,"minecraft:yellow_wool":3,"minecraft:spruce_log":2,"minecraft:tnt":1,"minecraft:purpur_block":60,"minecraft:yellow_bed":1,"minecraft:coal_ore":13,"minecraft:lime_terracotta":4,"minecraft:polished_blackstone":35,"minecraft:gold_ore":2094},"minecraft:killed_by":{"minecraft:player":46,"minecraft:warden":2},"minecraft:custom":{"minecraft:mob_kills":27,"minecraft:interact_with_anvil":7,"minecraft:interact_with_crafting_table":71,"minecraft:open_barrel":2,"minecraft:fill_cauldron":2,"minecraft:open_shulker_box":3,"minecraft:damage_dealt_resisted":7140,"minecraft:leave_game":41,"minecraft:time_since_death":14185,"minecraft:climb_one_cm":16122,"minecraft:damage_resisted":102569,"minecraft:sprint_one_cm":2799084,"minecraft:walk_one_cm":2661680,"minecraft:drop":161,"minecraft:play_time":961692,"minecraft:deaths":100,"minecraft:sneak_time":56498,"minecraft:walk_under_water_one_cm":6461,"minecraft:jump":11670,"minecraft:walk_on_water_one_cm":8320,"minecraft:total_world_time":238996,"minecraft:interact_with_loom":1,"minecraft:pot_flower":1,"minecraft:time_since_rest":14186,"minecraft:open_enderchest":61,"minecraft:damage_taken":49254,"minecraft:damage_absorbed":162,"minecraft:trigger_trapped_chest":8,"minecraft:minecart_one_cm":20704,"minecraft:damage_dealt":8645,"minecraft:fly_one_cm":4475959,"minecraft:player_kills":33,"minecraft:open_chest":255,"minecraft:crouch_one_cm":42337,"minecraft:aviate_one_cm":4190,"minecraft:fall_one_cm":483954,"minecraft:use_cauldron":1},"minecraft:used":{"minecraft:peony":9,"minecraft:oak_trapdoor":28,"minecraft:trident":25,"minecraft:netherite_sword":88,"minecraft:blue_terracotta":69,"minecraft:iron_bars":20,"minecraft:stone_sword":4,"minecraft:acacia_log":45,"minecraft:flint_and_steel":1,"minecraft:brain_coral_fan":1,"minecraft:white_tulip":6,"minecraft:carrot_on_a_stick":372,"minecraft:red_concrete":15,"minecraft:polished_blackstone":24,"minecraft:redstone":4,"minecraft:ladder":14,"minecraft:oak_sign":26,"minecraft:chest":2,"minecraft:spruce_planks":25,"minecraft:white_terracotta":5,"minecraft:stone":1,"minecraft:iron_sword":18,"minecraft:grass":2,"minecraft:smooth_sandstone_stairs":6,"minecraft:netherrack":1,"minecraft:green_terracotta":45,"minecraft:oak_door":6,"minecraft:bee_spawn_egg":1,"minecraft:torch":1,"minecraft:dirt":2,"minecraft:anvil":8,"minecraft:red_nether_brick_slab":1,"minecraft:lily_of_the_valley":2,"minecraft:blue_stained_glass":52,"minecraft:nether_bricks":2,"minecraft:spruce_stairs":16,"minecraft:nether_brick_slab":13,"minecraft:yellow_carpet":12,"minecraft:pink_terracotta":4,"minecraft:pink_carpet":17,"minecraft:cyan_wool":8,"minecraft:spruce_fence":4,"minecraft:snowball":56,"minecraft:azure_bluet":1,"minecraft:milk_bucket":3,"minecraft:obsidian":4,"minecraft:polished_blackstone_slab":19,"minecraft:iron_hoe":5,"minecraft:dark_oak_planks":148,"minecraft:crimson_button":2,"minecraft:brown_terracotta":22,"minecraft:honey_block":25,"minecraft:stripped_dark_oak_wood":1,"minecraft:bricks":42,"minecraft:quartz_pillar":1,"minecraft:grass_block":489,"minecraft:red_wool":146,"minecraft:iron_block":2,"minecraft:oak_stairs":2,"minecraft:iron_axe":6,"minecraft:blue_orchid":9,"minecraft:polished_andesite_stairs":8,"minecraft:quartz_block":1,"minecraft:polished_blackstone_brick_stairs":11,"minecraft:dark_oak_slab":97,"minecraft:pink_stained_glass_pane":26,"minecraft:pink_wool":144,"minecraft:barrel":1,"minecraft:stone_brick_stairs":3,"minecraft:item_frame":1,"minecraft:yellow_concrete_powder":19,"minecraft:birch_trapdoor":1,"minecraft:tripwire_hook":1,"minecraft:birch_button":1,"minecraft:golden_sword":29,"minecraft:red_carpet":3,"minecraft:bow":27,"minecraft:tall_grass":1,"minecraft:wolf_spawn_egg":3,"minecraft:furnace":4,"minecraft:magenta_terracotta":13,"minecraft:lime_stained_glass":56,"minecraft:goat_horn":58,"minecraft:white_stained_glass_pane":4,"minecraft:netherite_pickaxe":2088,"minecraft:acacia_wood":42,"minecraft:gold_block":20,"minecraft:egg":208,"minecraft:crimson_pressure_plate":1,"minecraft:stone_pressure_plate":1,"minecraft:orange_terracotta":3,"minecraft:enchanted_golden_apple":10,"minecraft:polished_blackstone_stairs":5,"minecraft:chiseled_polished_blackstone":2,"minecraft:water_bucket":70,"minecraft:end_rod":4,"minecraft:pink_tulip":10,"minecraft:sandstone_stairs":2,"minecraft:lodestone":2,"minecraft:stone_pickaxe":1,"minecraft:red_nether_bricks":45,"minecraft:polished_andesite":13,"minecraft:acacia_trapdoor":33,"minecraft:powered_rail":5,"minecraft:oak_planks":50,"minecraft:lime_wool":139,"minecraft:pink_banner":6,"minecraft:blue_wool":162,"minecraft:ender_pearl":3,"minecraft:red_mushroom_block":28,"minecraft:spruce_sign":2,"minecraft:cauldron":2,"minecraft:diamond_axe":101,"minecraft:spruce_fence_gate":6,"minecraft:polished_blackstone_bricks":1,"minecraft:conduit":1,"minecraft:smooth_quartz_stairs":3,"minecraft:polished_blackstone_pressure_plate":3,"minecraft:white_wool":288,"minecraft:brain_coral":4,"minecraft:golden_apple":6,"minecraft:respawn_anchor":1,"minecraft:dark_oak_trapdoor":1,"minecraft:yellow_terracotta":89,"minecraft:sand":1,"minecraft:lime_terracotta":36,"minecraft:rail":147,"minecraft:terracotta":1,"minecraft:tnt":3,"minecraft:oak_slab":2,"minecraft:crafting_table":4,"minecraft:loom":3,"minecraft:crimson_trapdoor":4,"minecraft:birch_sign":1,"minecraft:brown_banner":1,"minecraft:light_blue_wool":9,"minecraft:light_gray_terracotta":62,"minecraft:yellow_stained_glass_pane":1,"minecraft:chiseled_quartz_block":1,"minecraft:painting":15,"minecraft:cake":2,"minecraft:dark_oak_door":1,"minecraft:end_stone":52,"minecraft:spruce_log":48,"minecraft:mushroom_stem":81,"minecraft:black_wool":236,"minecraft:flower_pot":10,"minecraft:lever":9,"minecraft:black_concrete":3,"minecraft:diamond_pickaxe":261,"minecraft:cornflower":2,"minecraft:oxeye_daisy":11,"minecraft:diamond_shovel":5,"minecraft:daylight_detector":2,"minecraft:dark_oak_log":11,"minecraft:birch_slab":2,"minecraft:heavy_weighted_pressure_plate":2,"minecraft:nether_sprouts":47,"minecraft:barrier":2,"minecraft:iron_pickaxe":13,"minecraft:leather_helmet":48,"minecraft:spruce_trapdoor":5,"minecraft:red_terracotta":352,"minecraft:purpur_slab":1,"minecraft:polished_granite":29,"minecraft:cut_red_sandstone":2,"minecraft:crimson_nylium":10,"minecraft:lilac":9,"minecraft:polished_andesite_slab":6,"minecraft:yellow_wool":213,"minecraft:stone_axe":6,"minecraft:pink_bed":1,"minecraft:fire_coral_block":3,"minecraft:nether_wart_block":3,"minecraft:diamond_sword":19,"minecraft:wooden_sword":32,"minecraft:potion":7,"minecraft:smithing_table":1,"minecraft:pink_shulker_box":5,"minecraft:glass_pane":1,"minecraft:pink_stained_glass":3,"minecraft:smooth_stone_slab":1,"minecraft:polished_blackstone_button":14,"minecraft:tropical_fish_bucket":2,"minecraft:splash_potion":2,"minecraft:bone_meal":12,"minecraft:cobweb":3},"minecraft:picked_up":{"minecraft:allium":1,"minecraft:pink_wool":1,"minecraft:potion":7,"minecraft:brick":78,"minecraft:wooden_sword":1,"minecraft:oak_sign":1,"minecraft:netherite_sword":2,"minecraft:player_head":5,"minecraft:enchanted_golden_apple":4,"minecraft:end_stone":1,"minecraft:porkchop":386,"minecraft:netherite_pickaxe":1,"minecraft:glowstone":2,"minecraft:gold_ingot":769,"minecraft:netherite_chestplate":1,"minecraft:white_wool":1,"minecraft:snowball":1,"minecraft:warped_fungus_on_a_stick":1,"minecraft:name_tag":1,"minecraft:acacia_trapdoor":1,"minecraft:iron_ingot":3606,"minecraft:tall_grass":7,"minecraft:iron_sword":3,"minecraft:milk_bucket":1,"minecraft:pumpkin":1,"minecraft:spruce_log":1,"minecraft:diamond_shovel":1,"minecraft:diamond":203,"minecraft:diamond_axe":3,"minecraft:emerald":79,"minecraft:terracotta":2,"minecraft:black_wool":2,"minecraft:coal":1,"minecraft:ender_pearl":1,"minecraft:diamond_pickaxe":3},"minecraft:dropped":{"minecraft:iron_sword":3,"minecraft:netherite_pickaxe":1,"minecraft:diamond_axe":2,"minecraft:warped_fungus_on_a_stick":1,"minecraft:acacia_trapdoor":1,"minecraft:coal":1,"minecraft:milk_bucket":1,"minecraft:snowball":1,"minecraft:potion":4,"minecraft:wooden_sword":3,"minecraft:white_wool":1,"minecraft:gold_ingot":32,"minecraft:player_head":4,"minecraft:netherite_sword":2,"minecraft:tall_grass":7,"minecraft:end_stone":1,"minecraft:name_tag":1,"minecraft:allium":1,"minecraft:diamond_pickaxe":2,"minecraft:glowstone":2,"minecraft:pink_wool":1,"minecraft:black_wool":2,"minecraft:brick":78,"minecraft:egg":7,"minecraft:terracotta":2}},"DataVersion":3218}