{"stats":{"minecraft:killed_by":{"minecraft:player":154,"minecraft:warden":5},"minecraft:dropped":{"minecraft:iron_sword":3,"minecraft:diamond_axe":2,"minecraft:warped_fungus_on_a_stick":1,"minecraft:gold_block":1,"minecraft:snowball":1,"minecraft:wooden_sword":4,"minecraft:iron_pickaxe":1,"minecraft:black_concrete":1,"minecraft:white_wool":1,"minecraft:gold_ingot":32,"minecraft:netherite_sword":2,"minecraft:oak_planks":1,"minecraft:end_stone":1,"minecraft:glowstone":2,"minecraft:egg":7,"minecraft:netherite_pickaxe":1,"minecraft:acacia_trapdoor":1,"minecraft:coal":1,"minecraft:milk_bucket":1,"minecraft:brown_wool":1,"minecraft:potion":4,"minecraft:yellow_concrete_powder":1,"minecraft:player_head":4,"minecraft:blaze_rod":1,"minecraft:tall_grass":7,"minecraft:name_tag":1,"minecraft:allium":1,"minecraft:diamond_pickaxe":2,"minecraft:pink_wool":1,"minecraft:black_wool":3,"minecraft:brick":78,"minecraft:terracotta":2},"minecraft:custom":{"minecraft:interact_with_crafting_table":92,"minecraft:open_barrel":7,"minecraft:open_shulker_box":3,"minecraft:leave_game":58,"minecraft:time_since_death":9902,"minecraft:damage_resisted":125949,"minecraft:sprint_one_cm":3807110,"minecraft:drop":170,"minecraft:play_time":1415196,"minecraft:deaths":219,"minecraft:jump":16536,"minecraft:walk_on_water_one_cm":8887,"minecraft:interact_with_loom":1,"minecraft:open_enderchest":61,"minecraft:damage_dealt":16600,"minecraft:player_kills":110,"minecraft:crouch_one_cm":83356,"minecraft:use_cauldron":1,"minecraft:mob_kills":62,"minecraft:interact_with_anvil":7,"minecraft:fill_cauldron":2,"minecraft:damage_dealt_resisted":7140,"minecraft:climb_one_cm":52966,"minecraft:walk_one_cm":3695011,"minecraft:sneak_time":94822,"minecraft:walk_under_water_one_cm":6527,"minecraft:total_world_time":692500,"minecraft:pot_flower":1,"minecraft:time_since_rest":9904,"minecraft:damage_absorbed":162,"minecraft:damage_taken":112453,"minecraft:trigger_trapped_chest":9,"minecraft:minecart_one_cm":21056,"minecraft:fly_one_cm":6495682,"minecraft:open_chest":383,"minecraft:aviate_one_cm":4235,"minecraft:fall_one_cm":723105},"minecraft:crafted":{"minecraft:chain":4,"minecraft:polished_blackstone_slab":24,"minecraft:purpur_stairs":36,"minecraft:purpur_pillar":4,"minecraft:bricks":6,"minecraft:flower_pot":3,"minecraft:redstone_lamp":1,"minecraft:smithing_table":6,"minecraft:sticky_piston":1,"minecraft:painting":2,"minecraft:stick":96,"minecraft:polished_blackstone_bricks":12,"minecraft:tripwire_hook":6,"minecraft:leather_boots":2,"minecraft:iron_nugget":81,"minecraft:soul_torch":12,"minecraft:piston":1,"minecraft:jack_o_lantern":2,"minecraft:lantern":5,"minecraft:dark_oak_planks":36,"minecraft:glistering_melon_slice":2,"minecraft:diamond_sword":1,"minecraft:purpur_slab":18,"minecraft:polished_blackstone_brick_slab":18,"minecraft:enchanting_table":2,"minecraft:leather_helmet":1,"minecraft:gold_nugget":18,"minecraft:white_bed":9,"minecraft:torch":32,"minecraft:golden_hoe":3},"minecraft:mined":{"minecraft:dark_oak_planks":95,"minecraft:obsidian":12,"minecraft:carved_pumpkin":3,"minecraft:lime_stained_glass":5,"minecraft:glowstone":3,"minecraft:iron_ore":46,"minecraft:pumpkin":2,"minecraft:melon":3,"minecraft:chest":1,"minecraft:cobblestone":22,"minecraft:slime_block":13,"minecraft:oak_planks":9,"minecraft:bricks":46,"minecraft:yellow_wool":3,"minecraft:tnt":1,"minecraft:purpur_block":82,"minecraft:lime_terracotta":4,"minecraft:diamond_ore":12,"minecraft:dark_oak_log":10,"minecraft:end_stone":9,"minecraft:lime_wool":5,"minecraft:redstone_ore":6,"minecraft:gold_block":10,"minecraft:bookshelf":4,"minecraft:rail":23,"minecraft:white_wool":29,"minecraft:glass_pane":34,"minecraft:red_wool":11,"minecraft:soul_sand":3,"minecraft:blue_bed":1,"minecraft:lime_bed":1,"minecraft:spruce_log":2,"minecraft:yellow_bed":1,"minecraft:coal_ore":14,"minecraft:polished_blackstone":36,"minecraft:gold_ore":2150},"minecraft:picked_up":{"minecraft:potion":7,"minecraft:oak_sign":1,"minecraft:iron_pickaxe":1,"minecraft:enchanted_golden_apple":4,"minecraft:porkchop":386,"minecraft:yellow_concrete_powder":1,"minecraft:glowstone":2,"minecraft:netherite_chestplate":1,"minecraft:snowball":1,"minecraft:warped_fungus_on_a_stick":1,"minecraft:brown_wool":1,"minecraft:name_tag":1,"minecraft:oak_planks":1,"minecraft:diamond":230,"minecraft:black_concrete":1,"minecraft:emerald":80,"minecraft:diamond_pickaxe":3,"minecraft:allium":1,"minecraft:pink_wool":1,"minecraft:gold_block":1,"minecraft:brick":78,"minecraft:wooden_sword":2,"minecraft:netherite_sword":2,"minecraft:player_head":5,"minecraft:end_stone":1,"minecraft:netherite_pickaxe":1,"minecraft:gold_ingot":880,"minecraft:white_wool":1,"minecraft:acacia_trapdoor":1,"minecraft:iron_ingot":4158,"minecraft:tall_grass":7,"minecraft:iron_sword":3,"minecraft:milk_bucket":1,"minecraft:pumpkin":1,"minecraft:spruce_log":1,"minecraft:diamond_shovel":1,"minecraft:diamond_axe":3,"minecraft:terracotta":2,"minecraft:black_wool":3,"minecraft:coal":1,"minecraft:ender_pearl":1},"minecraft:broken":{"minecraft:bow":3},"minecraft:used":{"minecraft:peony":9,"minecraft:light_blue_banner":2,"minecraft:moss_carpet":11,"minecraft:blue_terracotta":69,"minecraft:spruce_slab":1,"minecraft:polished_blackstone":24,"minecraft:carrot_on_a_stick":826,"minecraft:ladder":14,"minecraft:mangrove_fence_gate":1,"minecraft:oak_sign":38,"minecraft:mangrove_button":1,"minecraft:black_carpet":3,"minecraft:chest":2,"minecraft:white_terracotta":161,"minecraft:stone":1,"minecraft:brown_concrete":4,"minecraft:iron_sword":44,"minecraft:stripped_jungle_wood":1,"minecraft:quartz_stairs":4,"minecraft:grass":2,"minecraft:smooth_sandstone_stairs":6,"minecraft:green_terracotta":45,"minecraft:spruce_leaves":14,"minecraft:birch_pressure_plate":1,"minecraft:lily_of_the_valley":2,"minecraft:blue_stained_glass":52,"minecraft:jungle_planks":1,"minecraft:nether_bricks":2,"minecraft:jungle_slab":1,"minecraft:orange_wool":9,"minecraft:pink_terracotta":4,"minecraft:acacia_button":1,"minecraft:cyan_wool":17,"minecraft:snowball":69,"minecraft:azure_bluet":1,"minecraft:stripped_spruce_log":1,"minecraft:milk_bucket":3,"minecraft:obsidian":4,"minecraft:polished_blackstone_slab":19,"minecraft:crimson_button":2,"minecraft:bamboo_pressure_plate":1,"minecraft:honey_block":25,"minecraft:cyan_terracotta":85,"minecraft:stripped_dark_oak_wood":2,"minecraft:mangrove_log":1,"minecraft:bricks":42,"minecraft:quartz_pillar":1,"minecraft:mangrove_stairs":1,"minecraft:jungle_fence_gate":1,"minecraft:red_wool":288,"minecraft:spruce_wood":27,"minecraft:grass_block":493,"minecraft:blue_orchid":9,"minecraft:green_wool":54,"minecraft:polished_andesite_stairs":8,"minecraft:quartz_block":1,"minecraft:dark_oak_wood":2,"minecraft:dark_oak_slab":98,"minecraft:cherry_button":1,"minecraft:dark_oak_button":5,"minecraft:pink_wool":240,"minecraft:stone_brick_stairs":3,"minecraft:item_frame":4,"minecraft:golden_sword":30,"minecraft:stripped_mangrove_log":1,"minecraft:birch_button":2,"minecraft:birch_trapdoor":3,"minecraft:red_carpet":9,"minecraft:snow":18,"minecraft:bow":44,"minecraft:jungle_button":1,"minecraft:furnace":4,"minecraft:mangrove_slab":2,"minecraft:acacia_fence":1,"minecraft:gold_block":32,"minecraft:egg":250,"minecraft:green_stained_glass_pane":3,"minecraft:polished_blackstone_stairs":5,"minecraft:stripped_spruce_wood":1,"minecraft:chiseled_polished_blackstone":2,"minecraft:bamboo_trapdoor":1,"minecraft:dark_oak_stairs":1,"minecraft:end_rod":4,"minecraft:bamboo_mosaic":1,"minecraft:spruce_door":1,"minecraft:stripped_acacia_log":1,"minecraft:stripped_birch_log":1,"minecraft:red_stained_glass":4,"minecraft:stone_pickaxe":1,"minecraft:acacia_trapdoor":34,"minecraft:powered_rail":5,"minecraft:jungle_fence":1,"minecraft:mangrove_planks":1,"minecraft:oak_planks":142,"minecraft:birch_wood":1,"minecraft:ender_pearl":3,"minecraft:jungle_pressure_plate":2,"minecraft:diamond_axe":161,"minecraft:respawn_anchor":1,"minecraft:smooth_quartz_stairs":3,"minecraft:white_wool":637,"minecraft:bamboo_stairs":1,"minecraft:brain_coral":4,"minecraft:golden_apple":6,"minecraft:stripped_mangrove_wood":1,"minecraft:dark_oak_trapdoor":2,"minecraft:sand":1,"minecraft:yellow_terracotta":217,"minecraft:lime_stained_glass_pane":6,"minecraft:loom":3,"minecraft:light_blue_wool":171,"minecraft:black_banner":2,"minecraft:light_gray_terracotta":63,"minecraft:chiseled_quartz_block":1,"minecraft:blackstone_wall":3,"minecraft:gray_concrete":78,"minecraft:stripped_cherry_wood":1,"minecraft:end_stone":52,"minecraft:birch_fence":1,"minecraft:black_terracotta":40,"minecraft:lever":9,"minecraft:black_concrete":15,"minecraft:mangrove_door":1,"minecraft:birch_fence_gate":1,"minecraft:daylight_detector":2,"minecraft:acacia_door":1,"minecraft:dark_oak_log":12,"minecraft:stripped_bamboo_block":1,"minecraft:light_gray_concrete":21,"minecraft:birch_slab":3,"minecraft:heavy_weighted_pressure_plate":4,"minecraft:nether_sprouts":47,"minecraft:barrier":2,"minecraft:brown_wool":50,"minecraft:stone_button":6,"minecraft:red_terracotta":405,"minecraft:polished_granite":29,"minecraft:oak_pressure_plate":1,"minecraft:cut_red_sandstone":2,"minecraft:lilac":9,"minecraft:polished_andesite_slab":6,"minecraft:nether_wart_block":3,"minecraft:diamond_sword":19,"minecraft:wooden_sword":45,"minecraft:stripped_oak_wood":1,"minecraft:dark_oak_fence":1,"minecraft:smithing_table":1,"minecraft:birch_log":3,"minecraft:pink_stained_glass":3,"minecraft:smooth_stone_slab":1,"minecraft:stripped_cherry_log":1,"minecraft:tropical_fish_bucket":2,"minecraft:bamboo_mosaic_slab":1,"minecraft:bone_meal":12,"minecraft:cobweb":3,"minecraft:oak_fence":4,"minecraft:oak_trapdoor":29,"minecraft:stripped_acacia_wood":1,"minecraft:trident":201,"minecraft:netherite_sword":122,"minecraft:cherry_wood":1,"minecraft:iron_bars":22,"minecraft:stone_sword":4,"minecraft:acacia_log":46,"minecraft:brain_coral_fan":1,"minecraft:flint_and_steel":1,"minecraft:white_tulip":6,"minecraft:red_concrete":15,"minecraft:redstone":4,"minecraft:light_blue_terracotta":9,"minecraft:spruce_planks":26,"minecraft:stripped_birch_wood":1,"minecraft:mangrove_fence":2,"minecraft:bamboo_door":1,"minecraft:netherrack":1,"minecraft:orange_stained_glass":20,"minecraft:oak_door":8,"minecraft:bee_spawn_egg":1,"minecraft:torch":1,"minecraft:anvil":8,"minecraft:dirt":3,"minecraft:red_nether_brick_slab":1,"minecraft:cherry_pressure_plate":2,"minecraft:spruce_stairs":17,"minecraft:nether_brick_slab":13,"minecraft:yellow_carpet":12,"minecraft:oak_wood":1,"minecraft:jungle_trapdoor":1,"minecraft:pink_carpet":17,"minecraft:spruce_fence":6,"minecraft:oak_fence_gate":1,"minecraft:birch_door":1,"minecraft:iron_hoe":52,"minecraft:brown_terracotta":173,"minecraft:dark_oak_planks":150,"minecraft:bamboo_fence":2,"minecraft:iron_block":2,"minecraft:iron_axe":6,"minecraft:oak_stairs":42,"minecraft:cherry_slab":1,"minecraft:spruce_button":2,"minecraft:acacia_slab":1,"minecraft:jungle_log":1,"minecraft:cherry_trapdoor":1,"minecraft:polished_blackstone_brick_stairs":11,"minecraft:cherry_fence_gate":2,"minecraft:pink_stained_glass_pane":26,"minecraft:barrel":1,"minecraft:yellow_concrete_powder":29,"minecraft:light_gray_wool":112,"minecraft:tripwire_hook":1,"minecraft:tall_grass":1,"minecraft:dark_oak_pressure_plate":1,"minecraft:magenta_terracotta":13,"minecraft:wolf_spawn_egg":3,"minecraft:lime_stained_glass":56,"minecraft:goat_horn":173,"minecraft:white_stained_glass_pane":6,"minecraft:netherite_pickaxe":2149,"minecraft:acacia_wood":44,"minecraft:crimson_pressure_plate":1,"minecraft:stone_pressure_plate":1,"minecraft:acacia_planks":1,"minecraft:cherry_fence":1,"minecraft:cherry_log":1,"minecraft:orange_terracotta":15,"minecraft:enchanted_golden_apple":10,"minecraft:bamboo_planks":1,"minecraft:pointed_dripstone":6,"minecraft:water_bucket":70,"minecraft:mangrove_wood":1,"minecraft:pink_tulip":10,"minecraft:sandstone_stairs":2,"minecraft:lodestone":2,"minecraft:birch_planks":1,"minecraft:polished_andesite":13,"minecraft:red_nether_bricks":45,"minecraft:lime_wool":342,"minecraft:pink_banner":6,"minecraft:blue_wool":164,"minecraft:cherry_planks":1,"minecraft:red_mushroom_block":28,"minecraft:spruce_sign":2,"minecraft:cauldron":2,"minecraft:spruce_fence_gate":8,"minecraft:conduit":1,"minecraft:polished_blackstone_bricks":1,"minecraft:bamboo_mosaic_stairs":1,"minecraft:pink_concrete":75,"minecraft:jungle_wood":2,"minecraft:polished_blackstone_pressure_plate":3,"minecraft:crafting_table":4,"minecraft:rail":168,"minecraft:terracotta":90,"minecraft:light_gray_banner":2,"minecraft:lime_terracotta":84,"minecraft:mangrove_trapdoor":5,"minecraft:stripped_dark_oak_log":1,"minecraft:tnt":3,"minecraft:oak_slab":23,"minecraft:strider_spawn_egg":15,"minecraft:crimson_trapdoor":4,"minecraft:brown_banner":1,"minecraft:birch_sign":1,"minecraft:bamboo_block":1,"minecraft:yellow_stained_glass_pane":1,"minecraft:dark_oak_fence_gate":1,"minecraft:painting":15,"minecraft:dark_oak_door":3,"minecraft:cake":2,"minecraft:spruce_log":49,"minecraft:bamboo_fence_gate":1,"minecraft:mushroom_stem":81,"minecraft:oak_log":2,"minecraft:diamond_pickaxe":337,"minecraft:flower_pot":10,"minecraft:cornflower":2,"minecraft:acacia_stairs":3,"minecraft:black_wool":389,"minecraft:oxeye_daisy":11,"minecraft:diamond_shovel":5,"minecraft:cherry_door":2,"minecraft:mangrove_pressure_plate":1,"minecraft:stripped_jungle_log":1,"minecraft:oak_button":3,"minecraft:iron_pickaxe":44,"minecraft:spruce_pressure_plate":1,"minecraft:jungle_stairs":1,"minecraft:leather_helmet":117,"minecraft:purpur_slab":1,"minecraft:spruce_trapdoor":6,"minecraft:bamboo_slab":2,"minecraft:crimson_nylium":10,"minecraft:yellow_wool":215,"minecraft:acacia_fence_gate":1,"minecraft:stone_axe":6,"minecraft:pink_bed":1,"minecraft:fire_coral_block":3,"minecraft:potion":7,"minecraft:cherry_stairs":1,"minecraft:acacia_pressure_plate":1,"minecraft:white_banner":1,"minecraft:jungle_door":1,"minecraft:red_banner":2,"minecraft:pink_shulker_box":5,"minecraft:glass_pane":1,"minecraft:polished_blackstone_button":14,"minecraft:stripped_oak_log":1,"minecraft:gray_wool":34,"minecraft:splash_potion":2,"minecraft:birch_stairs":1},"minecraft:killed":{"minecraft:player":13}},"DataVersion":3578}