{"stats":{"minecraft:broken":{"minecraft:bow":4},"minecraft:killed":{"minecraft:pufferfish":12,"minecraft:skeleton":6,"minecraft:magma_cube":1,"minecraft:zombie":40,"minecraft:silverfish":4,"minecraft:pig":13,"minecraft:slime":5,"minecraft:player":57,"minecraft:villager":48},"minecraft:crafted":{"minecraft:chain":7,"minecraft:polished_blackstone_slab":42,"minecraft:bookshelf":4,"minecraft:flower_pot":5,"minecraft:redstone_lamp":7,"minecraft:smithing_table":9,"minecraft:sticky_piston":4,"minecraft:painting":5,"minecraft:polished_blackstone_bricks":28,"minecraft:iron_nugget":207,"minecraft:soul_torch":32,"minecraft:jack_o_lantern":6,"minecraft:lantern":16,"minecraft:dark_oak_planks":136,"minecraft:purpur_slab":30,"minecraft:polished_blackstone_brick_slab":42,"minecraft:enchanting_table":6,"minecraft:warped_fungus_on_a_stick":2,"minecraft:white_bed":13,"minecraft:golden_hoe":5,"minecraft:oak_planks":76,"minecraft:purpur_stairs":72,"minecraft:cake":3,"minecraft:purpur_pillar":11,"minecraft:bricks":13,"minecraft:oak_slab":60,"minecraft:arrow":20,"minecraft:stick":260,"minecraft:iron_ingot":17,"minecraft:shears":5,"minecraft:cherry_planks":4,"minecraft:fishing_rod":2,"minecraft:tripwire_hook":14,"minecraft:piston":4,"minecraft:flint_and_steel":4,"minecraft:glistering_melon_slice":7,"minecraft:sugar":6,"minecraft:diamond_sword":6,"minecraft:iron_sword":1,"minecraft:air":0,"minecraft:gold_nugget":63,"minecraft:torch":64},"minecraft:dropped":{"minecraft:iron_sword":2,"minecraft:repeating_command_block":1,"minecraft:diamond":109,"minecraft:lime_stained_glass":1,"minecraft:crossbow":3,"minecraft:elytra":2,"minecraft:rail":1,"minecraft:dragon_breath":1,"minecraft:leather_helmet":1,"minecraft:emerald":26,"minecraft:gold_block":5,"minecraft:melon":2,"minecraft:waxed_weathered_cut_copper_slab":5,"minecraft:dirt":2,"minecraft:red_bed":1,"minecraft:stone_button":1,"minecraft:dark_oak_fence":1,"minecraft:chain":1,"minecraft:writable_book":1,"minecraft:wooden_sword":686,"minecraft:sand":1,"minecraft:iron_pickaxe":2,"minecraft:purple_wool":2,"minecraft:polished_blackstone_slab":1,"minecraft:dark_oak_planks":2,"minecraft:fishing_rod":1,"minecraft:blue_bed":18,"minecraft:green_wool":4,"minecraft:emerald_block":69,"minecraft:stone_axe":10,"minecraft:diamond_block":6,"minecraft:cooked_chicken":5,"minecraft:cobbled_deepslate":1,"minecraft:blue_wool":3,"minecraft:stripped_dark_oak_log":1,"minecraft:oak_planks":4,"minecraft:end_stone":3,"minecraft:quartz_bricks":3,"minecraft:black_glazed_terracotta":1,"minecraft:lime_bed":2,"minecraft:sea_lantern":1,"minecraft:jungle_log":23,"minecraft:honey_block":1,"minecraft:hopper":6,"minecraft:ladder":3,"minecraft:spruce_slab":2,"minecraft:glass":1,"minecraft:strider_spawn_egg":7,"minecraft:stone_brick_stairs":13,"minecraft:green_stained_glass":5,"minecraft:egg":3,"minecraft:iron_ingot":16,"minecraft:cyan_stained_glass":1,"minecraft:tnt":1,"minecraft:barrier":27,"minecraft:command_block":4,"minecraft:red_stained_glass":96,"minecraft:end_rod":1,"minecraft:pufferfish":21,"minecraft:polished_andesite":9,"minecraft:gray_wool":2,"minecraft:brown_concrete_powder":1,"minecraft:iron_trapdoor":1,"minecraft:wooden_axe":1,"minecraft:stripped_birch_log":9,"minecraft:potion":9,"minecraft:smooth_sandstone":1,"minecraft:trapped_chest":3,"minecraft:stone_brick_slab":1,"minecraft:purpur_pillar":268,"minecraft:player_head":49,"minecraft:stone_sword":7,"minecraft:smooth_stone_slab":2,"minecraft:green_bed":57,"minecraft:blue_concrete":1,"minecraft:slime_block":3,"minecraft:white_terracotta":3,"minecraft:oak_sign":13,"minecraft:diamond_sword":2,"minecraft:stone":78,"minecraft:spruce_trapdoor":1,"minecraft:diamond_pickaxe":5,"minecraft:bow":2,"minecraft:gold_ore":7,"minecraft:moss_block":1,"minecraft:diamond_axe":1,"minecraft:lime_terracotta":1,"minecraft:red_wool":9,"minecraft:bedrock":2,"minecraft:carrot_on_a_stick":1,"minecraft:cyan_terracotta":2,"minecraft:stripped_warped_hyphae":3,"minecraft:dispenser":1,"minecraft:snowball":2,"minecraft:amethyst_shard":1,"minecraft:black_concrete":3,"minecraft:gold_ingot":46,"minecraft:purpur_block":23,"minecraft:yellow_wool":1,"minecraft:cherry_sapling":1,"minecraft:yellow_stained_glass":1,"minecraft:stone_stairs":1,"minecraft:glowstone":1,"minecraft:chest":2,"minecraft:spruce_wood":2,"minecraft:iron_bars":29,"minecraft:arrow":11,"minecraft:oak_leaves":1,"minecraft:purple_terracotta":1,"minecraft:stripped_spruce_log":14,"minecraft:activator_rail":2,"minecraft:grass_block":100,"minecraft:iron_block":16,"minecraft:smooth_red_sandstone":1,"minecraft:repeater":8,"minecraft:wither_rose":34,"minecraft:iron_axe":1,"minecraft:redstone_block":2,"minecraft:lapis_block":1,"minecraft:weathered_copper":1,"minecraft:coarse_dirt":1,"minecraft:blaze_rod":2,"minecraft:gray_terracotta":1,"minecraft:pink_wool":1,"minecraft:blue_ice":2,"minecraft:cow_spawn_egg":1,"minecraft:slime_ball":1,"minecraft:stripped_crimson_hyphae":1,"minecraft:stone_pickaxe":1,"minecraft:wooden_pickaxe":10,"minecraft:brick":17},"minecraft:picked_up":{"minecraft:wooden_axe":4,"minecraft:iron_chestplate":1,"minecraft:chainmail_boots":1,"minecraft:lead":1,"minecraft:wither_rose":34,"minecraft:golden_sword":1,"minecraft:string":2,"minecraft:pufferfish":344,"minecraft:cobbled_deepslate":1,"minecraft:black_glazed_terracotta":1,"minecraft:green_bed":57,"minecraft:cyan_stained_glass":1,"minecraft:purpur_pillar":268,"minecraft:stone_sword":2,"minecraft:command_block":3,"minecraft:cow_spawn_egg":1,"minecraft:iron_block":28,"minecraft:cyan_terracotta":1,"minecraft:glowstone":1,"minecraft:white_terracotta":3,"minecraft:blaze_rod":2,"minecraft:iron_bars":28,"minecraft:barrier":27,"minecraft:water_bucket":14,"minecraft:jungle_log":23,"minecraft:lantern":1,"minecraft:gray_terracotta":1,"minecraft:waxed_weathered_cut_copper_slab":5,"minecraft:moss_block":1,"minecraft:strider_spawn_egg":7,"minecraft:stripped_spruce_log":14,"minecraft:trapped_chest":1,"minecraft:quartz_bricks":3,"minecraft:polished_andesite":9,"minecraft:dispenser":1,"minecraft:lever":6,"minecraft:writable_book":1,"minecraft:blue_ice":2,"minecraft:granite":1,"minecraft:golden_horse_armor":3,"minecraft:dark_oak_fence":1,"minecraft:diamond_pickaxe":46,"minecraft:crafting_table":3,"minecraft:coarse_dirt":1,"minecraft:purple_wool":2,"minecraft:stripped_warped_hyphae":3,"minecraft:leather_leggings":1,"minecraft:purpur_block":23,"minecraft:red_bed":1,"minecraft:elytra":6,"minecraft:compass":1,"minecraft:netherite_sword":2,"minecraft:iron_nugget":54,"minecraft:spruce_slab":2,"minecraft:chest":65,"minecraft:egg":191,"minecraft:stone":78,"minecraft:fire_charge":1,"minecraft:tnt":3,"minecraft:repeating_command_block":1,"minecraft:diamond_chestplate":1,"minecraft:gold_ingot":6350,"minecraft:white_wool":16,"minecraft:rail":5,"minecraft:lime_bed":2,"minecraft:smooth_red_sandstone":1,"minecraft:blue_bed":17,"minecraft:apple":1,"minecraft:yellow_stained_glass":1,"minecraft:stone_pickaxe":1,"minecraft:iron_sword":1,"minecraft:milk_bucket":1,"minecraft:daylight_detector":1,"minecraft:sculk":1,"minecraft:red_wool":9,"minecraft:weathered_copper":1,"minecraft:sea_lantern":1,"minecraft:leather_helmet":1,"minecraft:diamond_shovel":44,"minecraft:red_stained_glass":96,"minecraft:slime_ball":1,"minecraft:stone_axe":3,"minecraft:diamond_axe":45,"minecraft:gray_wool":2,"minecraft:stripped_dark_oak_log":1,"minecraft:hopper":6,"minecraft:redstone_block":7,"minecraft:iron_trapdoor":1,"minecraft:yellow_wool":64,"minecraft:potion":11,"minecraft:stone_brick_stairs":13,"minecraft:smooth_stone_slab":2,"minecraft:oak_sign":14,"minecraft:bucket":5,"minecraft:redstone_torch":1,"minecraft:ender_eye":49,"minecraft:iron_pickaxe":2,"minecraft:blue_wool":77,"minecraft:porkchop":1761,"minecraft:green_wool":4,"minecraft:leather_chestplate":1,"minecraft:repeater":8,"minecraft:magma_cream":1,"minecraft:stripped_birch_log":9,"minecraft:dirt":2,"minecraft:glass":1,"minecraft:bow":1,"minecraft:wheat_seeds":64,"minecraft:powered_rail":1,"minecraft:oak_planks":4,"minecraft:stone_hoe":1,"minecraft:polished_blackstone_slab":1,"minecraft:sand":1,"minecraft:melon":2,"minecraft:grass_block":101,"minecraft:diamond_block":6,"minecraft:shulker_box":2,"minecraft:diamond":1366,"minecraft:black_concrete":1,"minecraft:slime_block":3,"minecraft:crossbow":4,"minecraft:bone_meal":64,"minecraft:emerald":693,"minecraft:oak_leaves":1,"minecraft:fishing_rod":2,"minecraft:ladder":3,"minecraft:turtle_helmet":1,"minecraft:wooden_pickaxe":6,"minecraft:pink_wool":1,"minecraft:gold_block":4,"minecraft:chain":1,"minecraft:brick":17,"minecraft:dragon_breath":2,"minecraft:stone_stairs":1,"minecraft:iron_axe":2,"minecraft:wooden_sword":30,"minecraft:observer":1,"minecraft:player_head":48,"minecraft:tinted_glass":1,"minecraft:spruce_trapdoor":1,"minecraft:end_stone":2,"minecraft:stripped_crimson_hyphae":1,"minecraft:brown_concrete_powder":1,"minecraft:trident":1,"minecraft:iron_horse_armor":3,"minecraft:purple_terracotta":1,"minecraft:dark_oak_planks":2,"minecraft:arrow":18,"minecraft:saddle":19,"minecraft:carrot_on_a_stick":3,"minecraft:bedrock":3,"minecraft:chainmail_chestplate":1,"minecraft:smooth_sandstone":1,"minecraft:spruce_wood":2,"minecraft:iron_ingot":29318,"minecraft:cooked_chicken":5,"minecraft:book":5,"minecraft:emerald_block":68,"minecraft:stone_brick_slab":1,"minecraft:amethyst_shard":2,"minecraft:green_stained_glass":5,"minecraft:gold_ore":8,"minecraft:pumpkin_seeds":12,"minecraft:honey_block":2,"minecraft:cherry_sapling":1,"minecraft:terracotta":1},"minecraft:mined":{"minecraft:dark_oak_planks":128,"minecraft:carved_pumpkin":6,"minecraft:obsidian":25,"minecraft:blue_wool":12,"minecraft:fire":1,"minecraft:red_bed":40,"minecraft:blue_stained_glass":3,"minecraft:melon":8,"minecraft:glass":12,"minecraft:sugar_cane":9,"minecraft:bricks":82,"minecraft:wheat":13,"minecraft:yellow_terracotta":4,"minecraft:dark_oak_log":36,"minecraft:end_stone":23,"minecraft:lime_wool":2,"minecraft:redstone_ore":25,"minecraft:rail":25,"minecraft:white_wool":51,"minecraft:glass_pane":208,"minecraft:soul_sand":10,"minecraft:red_terracotta":21,"minecraft:polished_blackstone":69,"minecraft:gold_ore":2427,"minecraft:glowstone":8,"minecraft:iron_ore":77,"minecraft:pointed_dripstone":1,"minecraft:cobblestone":75,"minecraft:slime_block":38,"minecraft:oak_planks":34,"minecraft:blue_terracotta":4,"minecraft:yellow_wool":52,"minecraft:purpur_block":159,"minecraft:lime_terracotta":6,"minecraft:daylight_detector":1,"minecraft:diamond_ore":40,"minecraft:red_stained_glass":2,"minecraft:gold_block":76,"minecraft:bookshelf":9,"minecraft:red_wool":12,"minecraft:honey_block":1,"minecraft:blue_bed":12,"minecraft:lime_bed":7,"minecraft:redstone_torch":2,"minecraft:yellow_bed":12,"minecraft:coal_ore":30,"minecraft:ochre_froglight":1,"minecraft:flower_pot":1},"minecraft:used":{"minecraft:moss_block":183,"minecraft:nether_brick_fence":119,"minecraft:polished_granite_stairs":27,"minecraft:chiseled_deepslate":26,"minecraft:dispenser":56,"minecraft:spruce_slab":312,"minecraft:smooth_quartz_slab":611,"minecraft:elytra":13,"minecraft:dead_horn_coral_block":9,"minecraft:red_sandstone_slab":70,"minecraft:polished_blackstone":101,"minecraft:bamboo_sign":65,"minecraft:ladder":337,"minecraft:suspicious_sand":18,"minecraft:mangrove_fence_gate":2,"minecraft:black_carpet":7,"minecraft:green_banner":8,"minecraft:chest":128,"minecraft:brown_concrete":35,"minecraft:stone":4351,"minecraft:white_shulker_box":3,"minecraft:red_nether_brick_stairs":371,"minecraft:warped_sign":28,"minecraft:quartz_stairs":69,"minecraft:waxed_weathered_cut_copper_stairs":91,"minecraft:tube_coral":29,"minecraft:chiseled_red_sandstone":13,"minecraft:soul_sand":2,"minecraft:weathered_copper":54,"minecraft:blue_stained_glass":264,"minecraft:brick_slab":29,"minecraft:weathered_cut_copper_stairs":7,"minecraft:allium":13,"minecraft:jungle_slab":113,"minecraft:cracked_deepslate_tiles":64,"minecraft:orange_wool":1918,"minecraft:deepslate_brick_slab":236,"minecraft:acacia_button":7,"minecraft:snowball":436,"minecraft:weeping_vines":3,"minecraft:stripped_spruce_log":250,"minecraft:warden_spawn_egg":1,"minecraft:wandering_trader_spawn_egg":42,"minecraft:polished_blackstone_slab":194,"minecraft:honey_block":19,"minecraft:bamboo_pressure_plate":4,"minecraft:packed_ice":136,"minecraft:honeycomb":19,"minecraft:lava_bucket":126,"minecraft:netherite_shovel":15,"minecraft:stripped_dark_oak_wood":238,"minecraft:quartz_pillar":69,"minecraft:villager_spawn_egg":91,"minecraft:mangrove_stairs":103,"minecraft:red_wool":1482,"minecraft:black_stained_glass_pane":86,"minecraft:grass_block":5028,"minecraft:polished_andesite_stairs":44,"minecraft:quartz_block":188,"minecraft:netherite_hoe":45,"minecraft:dark_oak_slab":1511,"minecraft:cherry_leaves":98,"minecraft:cherry_button":11,"minecraft:waxed_weathered_cut_copper":221,"minecraft:diorite_wall":749,"minecraft:pink_wool":1310,"minecraft:stone_brick_stairs":113,"minecraft:blue_banner":21,"minecraft:stripped_mangrove_log":19,"minecraft:dolphin_spawn_egg":1,"minecraft:red_stained_glass_pane":13,"minecraft:snow":301,"minecraft:bow":858,"minecraft:guardian_spawn_egg":1,"minecraft:yellow_glazed_terracotta":28,"minecraft:furnace":4,"minecraft:mangrove_slab":468,"minecraft:acacia_fence":61,"minecraft:egg":909,"minecraft:gray_banner":21,"minecraft:end_stone_brick_stairs":15,"minecraft:dragon_head":2,"minecraft:seagrass":1,"minecraft:dark_prismarine_stairs":98,"minecraft:brown_concrete_powder":100,"minecraft:lime_glazed_terracotta":1,"minecraft:light_blue_carpet":3,"minecraft:deepslate_brick_wall":225,"minecraft:emerald_ore":2,"minecraft:cow_spawn_egg":34,"minecraft:mossy_stone_bricks":104,"minecraft:bamboo_mosaic":123,"minecraft:diorite":104,"minecraft:leather_leggings":1,"minecraft:end_stone_bricks":230,"minecraft:brick_wall":28,"minecraft:warped_fungus_on_a_stick":4,"minecraft:cut_copper_slab":4,"minecraft:stripped_birch_log":128,"minecraft:red_stained_glass":547,"minecraft:chorus_fruit":1,"minecraft:acacia_trapdoor":228,"minecraft:powered_rail":52,"minecraft:cactus":28,"minecraft:lime_concrete_powder":1,"minecraft:wooden_pickaxe":3,"minecraft:mossy_stone_brick_stairs":4,"minecraft:black_glazed_terracotta":909,"minecraft:composter":46,"minecraft:purpur_pillar":462,"minecraft:smooth_quartz_stairs":115,"minecraft:oak_leaves":656,"minecraft:golden_apple":6,"minecraft:glow_berries":8,"minecraft:respawn_anchor":6,"minecraft:stripped_mangrove_wood":447,"minecraft:dark_oak_trapdoor":18,"minecraft:sand":1007,"minecraft:purpur_stairs":51,"minecraft:cut_sandstone_slab":11,"minecraft:waxed_weathered_cut_copper_slab":373,"minecraft:blast_furnace":41,"minecraft:smooth_red_sandstone":154,"minecraft:blue_ice":91,"minecraft:chiseled_quartz_block":210,"minecraft:purple_terracotta":3963,"minecraft:gray_concrete":233,"minecraft:stripped_cherry_wood":295,"minecraft:black_concrete_powder":58,"minecraft:crimson_fence_gate":1,"minecraft:red_sandstone_wall":62,"minecraft:pumpkin_seeds":2,"minecraft:deepslate_brick_stairs":11,"minecraft:lightning_rod":314,"minecraft:purple_concrete_powder":54,"minecraft:birch_fence":42,"minecraft:deepslate_tiles":1378,"minecraft:crying_obsidian":79,"minecraft:chiseled_sandstone":2,"minecraft:mangrove_door":12,"minecraft:stripped_bamboo_block":135,"minecraft:zombie_head":7,"minecraft:birch_slab":222,"minecraft:verdant_froglight":174,"minecraft:cyan_carpet":17,"minecraft:stone_button":19,"minecraft:spore_blossom":1,"minecraft:red_terracotta":3199,"minecraft:polished_granite":393,"minecraft:cherry_sign":8,"minecraft:diamond_ore":17,"minecraft:flowering_azalea_leaves":117,"minecraft:polished_andesite_slab":171,"minecraft:soul_lantern":40,"minecraft:magenta_stained_glass_pane":35,"minecraft:coal_block":120,"minecraft:diamond_sword":299,"minecraft:fire_charge":2,"minecraft:wooden_sword":431,"minecraft:suspicious_gravel":2,"minecraft:smithing_table":33,"minecraft:dark_oak_fence":276,"minecraft:white_stained_glass":568,"minecraft:birch_log":41,"minecraft:pink_stained_glass":96,"minecraft:ice":314,"minecraft:oak_boat":6,"minecraft:purple_wool":4825,"minecraft:gray_stained_glass":23,"minecraft:diorite_stairs":9,"minecraft:oak_trapdoor":67,"minecraft:stripped_acacia_wood":119,"minecraft:polished_blackstone_brick_slab":214,"minecraft:iron_bars":1186,"minecraft:enchanting_table":15,"minecraft:acacia_log":2,"minecraft:brain_coral_fan":8,"minecraft:orange_concrete":216,"minecraft:dead_bush":17,"minecraft:carved_pumpkin":2,"minecraft:armor_stand":50,"minecraft:red_concrete":171,"minecraft:light_gray_carpet":2,"minecraft:mycelium":70,"minecraft:stripped_warped_stem":70,"minecraft:tinted_glass":733,"minecraft:mangrove_fence":114,"minecraft:polished_blackstone_wall":146,"minecraft:sandstone_wall":10,"minecraft:netherrack":681,"minecraft:green_glazed_terracotta":13,"minecraft:orange_stained_glass":60,"minecraft:torch":81,"minecraft:dragon_egg":2,"minecraft:brewing_stand":7,"minecraft:target":100,"minecraft:ancient_debris":58,"minecraft:warped_wart_block":1,"minecraft:anvil":46,"minecraft:twisting_vines":4,"minecraft:stone_stairs":18,"minecraft:nether_brick_slab":13,"minecraft:light_gray_glazed_terracotta":133,"minecraft:yellow_carpet":2,"minecraft:jungle_trapdoor":56,"minecraft:polished_granite_slab":21,"minecraft:dead_brain_coral_block":236,"minecraft:blue_concrete":130,"minecraft:mud_brick_stairs":36,"minecraft:nether_brick_stairs":40,"minecraft:polished_diorite":57,"minecraft:fern":4,"minecraft:small_dripleaf":4,"minecraft:mossy_cobblestone_stairs":6,"minecraft:red_shulker_box":14,"minecraft:sea_lantern":113,"minecraft:chipped_anvil":2,"minecraft:bamboo_fence":50,"minecraft:cyan_shulker_box":7,"minecraft:brick_stairs":42,"minecraft:iron_block":1157,"minecraft:iron_axe":10,"minecraft:cherry_slab":40,"minecraft:rooted_dirt":3,"minecraft:slime_block":167,"minecraft:warped_fence":8,"minecraft:polished_deepslate_wall":169,"minecraft:birch_hanging_sign":1,"minecraft:smooth_quartz":182,"minecraft:cherry_fence_gate":5,"minecraft:mud_bricks":183,"minecraft:melon_seeds":5,"minecraft:barrel":151,"minecraft:waxed_exposed_cut_copper_slab":369,"minecraft:smooth_basalt":45,"minecraft:bamboo":85,"minecraft:basalt":17,"minecraft:tripwire_hook":6,"minecraft:glowstone":25,"minecraft:purple_concrete":381,"minecraft:lime_concrete":45,"minecraft:warped_stairs":97,"minecraft:magenta_wool":29,"minecraft:tall_grass":172,"minecraft:gray_glazed_terracotta":6,"minecraft:iron_trapdoor":295,"minecraft:magenta_terracotta":51,"minecraft:goat_horn":495,"minecraft:podzol":1,"minecraft:acacia_wood":9,"minecraft:trapped_chest":18,"minecraft:crimson_pressure_plate":4,"minecraft:cherry_fence":8,"minecraft:cobbled_deepslate":190,"minecraft:observer":70,"minecraft:orange_terracotta":383,"minecraft:horn_coral_fan":14,"minecraft:pointed_dripstone":141,"minecraft:deepslate_emerald_ore":3,"minecraft:calcite":104,"minecraft:wheat_seeds":15,"minecraft:water_bucket":244,"minecraft:chiseled_bookshelf":12,"minecraft:warped_stem":5,"minecraft:light_blue_shulker_box":13,"minecraft:nether_brick_wall":15,"minecraft:mangrove_wood":36,"minecraft:light_blue_glazed_terracotta":34,"minecraft:tube_coral_block":2,"minecraft:dirt_path":443,"minecraft:warped_hanging_sign":27,"minecraft:prismarine_brick_slab":220,"minecraft:birch_planks":319,"minecraft:yellow_shulker_box":90,"minecraft:lime_wool":199,"minecraft:bubble_coral_fan":16,"minecraft:waxed_oxidized_cut_copper":29,"minecraft:smooth_sandstone_slab":98,"minecraft:cherry_planks":4,"minecraft:red_mushroom_block":16,"minecraft:cauldron":54,"minecraft:fletching_table":7,"minecraft:spruce_fence_gate":1,"minecraft:glow_ink_sac":3,"minecraft:gold_ore":53,"minecraft:deepslate_bricks":806,"minecraft:cracked_stone_bricks":161,"minecraft:conduit":1,"minecraft:polished_blackstone_bricks":748,"minecraft:gilded_blackstone":6,"minecraft:bamboo_mosaic_stairs":67,"minecraft:waxed_exposed_copper":599,"minecraft:pink_concrete":10,"minecraft:polished_deepslate_slab":137,"minecraft:mossy_cobblestone":74,"minecraft:diamond_block":19,"minecraft:lime_terracotta":432,"minecraft:light_gray_banner":2,"minecraft:rail":829,"minecraft:comparator":2,"minecraft:vine":269,"minecraft:cyan_glazed_terracotta":13,"minecraft:oak_slab":390,"minecraft:tnt":247,"minecraft:crafting_table":72,"minecraft:red_bed":11,"minecraft:crimson_trapdoor":31,"minecraft:birch_sign":47,"minecraft:campfire":88,"minecraft:white_bed":11,"minecraft:dark_oak_fence_gate":21,"minecraft:fire_coral":44,"minecraft:lime_shulker_box":2,"minecraft:mangrove_sign":29,"minecraft:cake":6,"minecraft:spruce_log":107,"minecraft:bamboo_fence_gate":7,"minecraft:mushroom_stem":103,"minecraft:deepslate_tile_wall":69,"minecraft:small_amethyst_bud":8,"minecraft:oak_log":373,"minecraft:amethyst_cluster":10,"minecraft:mud":127,"minecraft:dark_prismarine":526,"minecraft:diamond_pickaxe":825,"minecraft:ender_eye":53,"minecraft:light":24,"minecraft:warped_trapdoor":109,"minecraft:cornflower":25,"minecraft:waxed_exposed_cut_copper_stairs":24,"minecraft:diamond_shovel":17,"minecraft:mangrove_pressure_plate":4,"minecraft:sunflower":23,"minecraft:oak_button":23,"minecraft:pig_spawn_egg":5,"minecraft:iron_pickaxe":87,"minecraft:leather_helmet":2076,"minecraft:cyan_concrete":82,"minecraft:purpur_slab":127,"minecraft:spruce_trapdoor":75,"minecraft:bamboo_slab":170,"minecraft:spruce_sapling":132,"minecraft:crimson_nylium":1,"minecraft:green_carpet":19,"minecraft:chiseled_stone_bricks":75,"minecraft:cobblestone":223,"minecraft:potion":70,"minecraft:azalea_leaves":2,"minecraft:orange_banner":3,"minecraft:crimson_stairs":10,"minecraft:red_concrete_powder":1,"minecraft:warped_fence_gate":22,"minecraft:sandstone_slab":1,"minecraft:glass_pane":395,"minecraft:repeating_command_block":83,"minecraft:end_portal_frame":78,"minecraft:goat_spawn_egg":1,"minecraft:stripped_oak_log":8,"minecraft:brown_mushroom_block":202,"minecraft:jukebox":62,"minecraft:candle":86,"minecraft:green_stained_glass":245,"minecraft:cherry_sapling":1,"minecraft:moss_carpet":26,"minecraft:light_blue_stained_glass_pane":21,"minecraft:waxed_exposed_cut_copper":338,"minecraft:blue_terracotta":734,"minecraft:polished_deepslate":160,"minecraft:melon":144,"minecraft:carrot_on_a_stick":2184,"minecraft:bone_block":367,"minecraft:oak_sign":221,"minecraft:mangrove_button":3,"minecraft:polished_basalt":360,"minecraft:white_concrete_powder":17,"minecraft:decorated_pot":32,"minecraft:white_terracotta":1406,"minecraft:iron_sword":309,"minecraft:purple_shulker_box":104,"minecraft:creeper_head":2,"minecraft:stripped_jungle_wood":57,"minecraft:bell":11,"minecraft:bubble_coral":23,"minecraft:grass":223,"minecraft:smooth_sandstone_stairs":153,"minecraft:player_head":351,"minecraft:mangrove_hanging_sign":8,"minecraft:sculk_sensor":9,"minecraft:green_terracotta":361,"minecraft:iron_chestplate":1,"minecraft:spruce_leaves":93,"minecraft:debug_stick":311,"minecraft:oxidized_cut_copper":9,"minecraft:birch_pressure_plate":3,"minecraft:orange_glazed_terracotta":1,"minecraft:nether_bricks":509,"minecraft:prismarine_brick_stairs":30,"minecraft:deepslate_tile_slab":104,"minecraft:pink_terracotta":629,"minecraft:furnace_minecart":7,"minecraft:tuff":1,"minecraft:beehive":3,"minecraft:cyan_wool":567,"minecraft:axolotl_bucket":2,"minecraft:milk_bucket":7,"minecraft:obsidian":129,"minecraft:polished_deepslate_stairs":67,"minecraft:glass":757,"minecraft:crimson_button":25,"minecraft:waxed_oxidized_copper":33,"minecraft:cyan_terracotta":265,"minecraft:bricks":667,"minecraft:coal_ore":91,"minecraft:quartz_slab":62,"minecraft:spruce_wood":934,"minecraft:lantern":14,"minecraft:blue_orchid":22,"minecraft:packed_mud":220,"minecraft:green_wool":172,"minecraft:dark_oak_wood":21,"minecraft:iron_helmet":1,"minecraft:raw_gold_block":4,"minecraft:stone_bricks":1046,"minecraft:item_frame":20,"minecraft:bedrock":153,"minecraft:spruce_hanging_sign":11,"minecraft:deepslate_diamond_ore":4,"minecraft:golden_sword":51,"minecraft:birch_trapdoor":96,"minecraft:reinforced_deepslate":17,"minecraft:repeater":16,"minecraft:red_carpet":31,"minecraft:red_nether_brick_wall":81,"minecraft:redstone_lamp":189,"minecraft:honeycomb_block":56,"minecraft:brown_carpet":30,"minecraft:horn_coral":19,"minecraft:warped_fungus":5,"minecraft:hay_block":44,"minecraft:scaffolding":55,"minecraft:polished_diorite_stairs":43,"minecraft:gold_block":83,"minecraft:skeleton_skull":4,"minecraft:pink_concrete_powder":139,"minecraft:pearlescent_froglight":702,"minecraft:fire_coral_fan":23,"minecraft:large_fern":1,"minecraft:polished_blackstone_stairs":186,"minecraft:stripped_spruce_wood":41,"minecraft:mangrove_leaves":27,"minecraft:chiseled_polished_blackstone":113,"minecraft:bamboo_trapdoor":95,"minecraft:dark_oak_stairs":375,"minecraft:tube_coral_fan":22,"minecraft:waxed_oxidized_cut_copper_slab":147,"minecraft:end_rod":638,"minecraft:torchflower":3,"minecraft:stripped_acacia_log":287,"minecraft:dropper":1,"minecraft:wither_skeleton_skull":12,"minecraft:birch_leaves":3,"minecraft:gray_carpet":18,"minecraft:dark_oak_sign":15,"minecraft:jungle_fence":133,"minecraft:mangrove_planks":214,"minecraft:oak_planks":603,"minecraft:polished_diorite_slab":451,"minecraft:ender_pearl":104,"minecraft:sandstone":215,"minecraft:redstone_block":437,"minecraft:end_stone_brick_slab":181,"minecraft:diamond_axe":286,"minecraft:blue_bed":3,"minecraft:sugar_cane":11,"minecraft:large_amethyst_bud":9,"minecraft:white_wool":689,"minecraft:bamboo_stairs":48,"minecraft:brain_coral":36,"minecraft:yellow_terracotta":1337,"minecraft:light_blue_concrete":269,"minecraft:lime_stained_glass_pane":1,"minecraft:loom":222,"minecraft:light_blue_wool":124,"minecraft:black_banner":13,"minecraft:light_gray_terracotta":1114,"minecraft:yellow_concrete":102,"minecraft:crossbow":1974,"minecraft:sponge":38,"minecraft:note_block":166,"minecraft:shulker_spawn_egg":2,"minecraft:dripstone_block":204,"minecraft:ochre_froglight":392,"minecraft:stone_brick_wall":94,"minecraft:shears":9,"minecraft:end_stone":511,"minecraft:cobbled_deepslate_stairs":15,"minecraft:redstone_torch":28,"minecraft:sticky_piston":61,"minecraft:black_terracotta":1320,"minecraft:green_concrete":7,"minecraft:lever":58,"minecraft:blue_glazed_terracotta":38,"minecraft:black_concrete":2195,"minecraft:daylight_detector":722,"minecraft:acacia_door":2,"minecraft:dark_oak_log":15,"minecraft:light_gray_concrete":185,"minecraft:lime_carpet":9,"minecraft:heavy_weighted_pressure_plate":41,"minecraft:brown_stained_glass":60,"minecraft:brown_wool":685,"minecraft:string":32,"minecraft:barrier":944,"minecraft:warped_slab":71,"minecraft:iron_door":95,"minecraft:deepslate":26,"minecraft:prismarine_wall":67,"minecraft:gravel":8,"minecraft:evoker_spawn_egg":1,"minecraft:stripped_warped_hyphae":706,"minecraft:jungle_sign":2,"minecraft:smooth_red_sandstone_slab":12,"minecraft:pufferfish_bucket":1,"minecraft:stripped_oak_wood":142,"minecraft:grindstone":11,"minecraft:medium_amethyst_bud":7,"minecraft:deepslate_coal_ore":19,"minecraft:waxed_oxidized_cut_copper_stairs":12,"minecraft:andesite":83,"minecraft:chain":19,"minecraft:mossy_cobblestone_wall":55,"minecraft:smooth_stone_slab":1982,"minecraft:chest_minecart":54,"minecraft:white_concrete":1060,"minecraft:coarse_dirt":97,"minecraft:warped_button":23,"minecraft:bamboo_mosaic_slab":168,"minecraft:bone_meal":1376,"minecraft:cobweb":20,"minecraft:oak_fence":211,"minecraft:purpur_block":272,"minecraft:trident":425,"minecraft:netherite_sword":185,"minecraft:jungle_leaves":563,"minecraft:cherry_wood":188,"minecraft:waxed_weathered_copper":153,"minecraft:granite_stairs":1,"minecraft:crimson_fence":1,"minecraft:flint_and_steel":2,"minecraft:cracked_deepslate_bricks":1149,"minecraft:redstone":109,"minecraft:stone_shovel":1,"minecraft:light_blue_terracotta":4814,"minecraft:spruce_planks":73,"minecraft:ender_chest":10,"minecraft:sculk":30,"minecraft:deepslate_gold_ore":5,"minecraft:wooden_shovel":7,"minecraft:stripped_birch_wood":337,"minecraft:stone_hoe":32,"minecraft:dried_kelp_block":67,"minecraft:oak_door":2,"minecraft:end_stone_brick_wall":58,"minecraft:dirt":755,"minecraft:spyglass":33,"minecraft:red_nether_brick_slab":440,"minecraft:white_carpet":47,"minecraft:hopper":40,"minecraft:prismarine_bricks":28,"minecraft:spruce_stairs":17,"minecraft:cobblestone_wall":35,"minecraft:warped_door":19,"minecraft:shulker_box":12,"minecraft:oak_wood":3,"minecraft:bee_nest":20,"minecraft:pink_carpet":20,"minecraft:granite":302,"minecraft:warped_pressure_plate":12,"minecraft:spruce_fence":71,"minecraft:light_blue_stained_glass":278,"minecraft:andesite_wall":17,"minecraft:birch_door":10,"minecraft:purple_stained_glass_pane":17,"minecraft:iron_hoe":227,"minecraft:dark_oak_planks":1156,"minecraft:stone_brick_slab":91,"minecraft:ravager_spawn_egg":1,"minecraft:brown_terracotta":187,"minecraft:bookshelf":242,"minecraft:light_gray_stained_glass":16,"minecraft:yellow_stained_glass":277,"minecraft:oak_stairs":106,"minecraft:acacia_slab":7,"minecraft:smooth_sandstone":460,"minecraft:crimson_slab":27,"minecraft:cherry_trapdoor":6,"minecraft:polished_blackstone_brick_stairs":158,"minecraft:iron_boots":1,"minecraft:crimson_planks":131,"minecraft:yellow_concrete_powder":1,"minecraft:light_gray_wool":427,"minecraft:black_stained_glass":152,"minecraft:soul_soil":5,"minecraft:emerald_block":183,"minecraft:pitcher_plant":3,"minecraft:wolf_spawn_egg":1,"minecraft:dark_oak_pressure_plate":13,"minecraft:lime_stained_glass":55,"minecraft:deepslate_tile_stairs":343,"minecraft:minecart":6,"minecraft:netherite_pickaxe":2475,"minecraft:infested_cobblestone":4,"minecraft:cyan_concrete_powder":36,"minecraft:cyan_banner":3,"minecraft:horn_coral_block":6,"minecraft:granite_wall":32,"minecraft:stone_pressure_plate":27,"minecraft:red_dye":1,"minecraft:mossy_stone_brick_wall":88,"minecraft:turtle_egg":3,"minecraft:pumpkin":58,"minecraft:light_gray_bed":8,"minecraft:bamboo_planks":641,"minecraft:iron_leggings":1,"minecraft:cobbled_deepslate_wall":59,"minecraft:quartz_bricks":3097,"minecraft:acacia_boat":1,"minecraft:amethyst_block":211,"minecraft:iron_ore":3,"minecraft:pink_tulip":1,"minecraft:cobblestone_stairs":2,"minecraft:pink_glazed_terracotta":151,"minecraft:lodestone":150,"minecraft:snow_block":2768,"minecraft:glass_bottle":1,"minecraft:polished_andesite":201,"minecraft:mud_brick_slab":24,"minecraft:red_nether_bricks":808,"minecraft:blue_wool":1318,"minecraft:andesite_slab":3,"minecraft:purple_glazed_terracotta":44,"minecraft:cut_sandstone":472,"minecraft:brown_mushroom":4,"minecraft:vindicator_spawn_egg":1,"minecraft:magenta_stained_glass":30,"minecraft:spruce_sign":31,"minecraft:white_dye":2,"minecraft:chiseled_nether_bricks":24,"minecraft:stonecutter":6,"minecraft:beacon":1,"minecraft:green_bed":7,"minecraft:red_glazed_terracotta":64,"minecraft:cobblestone_slab":18,"minecraft:waxed_copper_block":32,"minecraft:jungle_wood":12,"minecraft:polished_blackstone_pressure_plate":43,"minecraft:terracotta":1655,"minecraft:mangrove_trapdoor":62,"minecraft:stripped_dark_oak_log":100,"minecraft:dark_prismarine_slab":220,"minecraft:lime_bed":6,"minecraft:strider_spawn_egg":47,"minecraft:red_mushroom":3,"minecraft:brown_banner":72,"minecraft:yellow_stained_glass_pane":1,"minecraft:bamboo_block":499,"minecraft:smooth_red_sandstone_stairs":70,"minecraft:brown_glazed_terracotta":2,"minecraft:painting":213,"minecraft:magenta_carpet":21,"minecraft:piglin_head":10,"minecraft:infested_stone_bricks":56,"minecraft:dark_oak_door":29,"minecraft:warped_planks":692,"minecraft:smoker":11,"minecraft:book":13,"minecraft:nether_gold_ore":1,"minecraft:cyan_stained_glass":203,"minecraft:purple_stained_glass":209,"minecraft:netherite_block":275,"minecraft:gray_terracotta":243,"minecraft:piston":47,"minecraft:flower_pot":108,"minecraft:activator_rail":35,"minecraft:black_wool":850,"minecraft:command_block":331,"minecraft:cracked_polished_blackstone_bricks":100,"minecraft:map":7,"minecraft:detector_rail":34,"minecraft:jungle_stairs":32,"minecraft:cracked_nether_bricks":15,"minecraft:stone_slab":1147,"minecraft:budding_amethyst":32,"minecraft:yellow_wool":1735,"minecraft:acacia_fence_gate":1,"minecraft:pink_petals":63,"minecraft:fire_coral_block":3,"minecraft:green_shulker_box":7,"minecraft:fishing_rod":288,"minecraft:cherry_stairs":294,"minecraft:end_crystal":1,"minecraft:stripped_crimson_hyphae":386,"minecraft:cobbled_deepslate_slab":13,"minecraft:mud_brick_wall":285,"minecraft:white_banner":128,"minecraft:red_banner":29,"minecraft:lapis_block":1,"minecraft:jungle_door":1,"minecraft:bucket":14,"minecraft:pink_shulker_box":8,"minecraft:chain_command_block":8,"minecraft:magenta_glazed_terracotta":21,"minecraft:yellow_bed":3,"minecraft:polished_blackstone_button":88,"minecraft:sea_pickle":51,"minecraft:purple_carpet":8,"minecraft:gray_wool":2922,"minecraft:smooth_stone":1508,"minecraft:splash_potion":10,"minecraft:pillager_spawn_egg":1,"minecraft:birch_stairs":39},"minecraft:custom":{"minecraft:interact_with_crafting_table":258,"minecraft:open_barrel":389,"minecraft:bell_ring":13,"minecraft:leave_game":248,"minecraft:time_since_death":1137,"minecraft:play_time":15963155,"minecraft:deaths":1243,"minecraft:jump":102219,"minecraft:interact_with_furnace":1,"minecraft:damage_dealt":45432,"minecraft:use_cauldron":1,"minecraft:inspect_dispenser":34,"minecraft:horse_one_cm":170447,"minecraft:interact_with_smithing_table":6,"minecraft:interact_with_anvil":3,"minecraft:inspect_hopper":7,"minecraft:damage_dealt_absorbed":237,"minecraft:target_hit":184,"minecraft:sneak_time":527690,"minecraft:interact_with_blast_furnace":33,"minecraft:total_world_time":17099388,"minecraft:tune_noteblock":44,"minecraft:time_since_rest":1137,"minecraft:swim_one_cm":62993,"minecraft:fly_one_cm":89465297,"minecraft:open_chest":3501,"minecraft:fall_one_cm":2957237,"minecraft:open_shulker_box":150,"minecraft:damage_resisted":267257,"minecraft:sprint_one_cm":35195092,"minecraft:drop":2122,"minecraft:talked_to_villager":55,"minecraft:interact_with_brewingstand":12,"minecraft:walk_on_water_one_cm":129278,"minecraft:interact_with_loom":5,"minecraft:open_enderchest":99,"minecraft:player_kills":398,"minecraft:crouch_one_cm":971870,"minecraft:mob_kills":412,"minecraft:fill_cauldron":5,"minecraft:interact_with_campfire":1,"minecraft:damage_dealt_resisted":23400,"minecraft:climb_one_cm":406300,"minecraft:walk_one_cm":17141931,"minecraft:strider_one_cm":2469,"minecraft:walk_under_water_one_cm":456469,"minecraft:pot_flower":45,"minecraft:damage_absorbed":161,"minecraft:damage_taken":213575,"minecraft:trigger_trapped_chest":158,"minecraft:minecart_one_cm":16294,"minecraft:pig_one_cm":35428,"minecraft:aviate_one_cm":1618759},"minecraft:killed_by":{"minecraft:pufferfish":3,"minecraft:zoglin":2,"minecraft:vindicator":18,"minecraft:zombie":23,"minecraft:vex":1,"minecraft:slime":1,"minecraft:warden":7,"minecraft:creeper":4,"minecraft:player":192,"minecraft:skeleton":22}},"DataVersion":3578}