{"stats":{"minecraft:dropped":{"minecraft:iron_sword":2,"minecraft:repeating_command_block":1,"minecraft:diamond":97,"minecraft:lime_stained_glass":1,"minecraft:elytra":1,"minecraft:rail":1,"minecraft:dragon_breath":1,"minecraft:leather_helmet":1,"minecraft:emerald":9,"minecraft:gold_block":5,"minecraft:dirt":1,"minecraft:red_bed":1,"minecraft:stone_button":1,"minecraft:dark_oak_fence":1,"minecraft:chain":1,"minecraft:writable_book":1,"minecraft:wooden_sword":686,"minecraft:iron_pickaxe":2,"minecraft:dark_oak_planks":2,"minecraft:blue_bed":18,"minecraft:green_wool":4,"minecraft:emerald_block":69,"minecraft:diamond_block":6,"minecraft:cobbled_deepslate":1,"minecraft:blue_wool":3,"minecraft:stripped_dark_oak_log":1,"minecraft:oak_planks":4,"minecraft:end_stone":2,"minecraft:quartz_bricks":3,"minecraft:lime_bed":2,"minecraft:jungle_log":23,"minecraft:honey_block":1,"minecraft:hopper":4,"minecraft:ladder":3,"minecraft:spruce_slab":2,"minecraft:glass":1,"minecraft:stone_brick_stairs":13,"minecraft:green_stained_glass":5,"minecraft:egg":3,"minecraft:iron_ingot":15,"minecraft:tnt":1,"minecraft:barrier":26,"minecraft:command_block":4,"minecraft:red_stained_glass":96,"minecraft:end_rod":1,"minecraft:pufferfish":21,"minecraft:polished_andesite":9,"minecraft:gray_wool":1,"minecraft:iron_trapdoor":1,"minecraft:wooden_axe":1,"minecraft:potion":4,"minecraft:stripped_birch_log":9,"minecraft:trapped_chest":3,"minecraft:stone_brick_slab":1,"minecraft:purpur_pillar":268,"minecraft:player_head":48,"minecraft:stone_sword":7,"minecraft:smooth_stone_slab":2,"minecraft:green_bed":57,"minecraft:blue_concrete":1,"minecraft:white_terracotta":1,"minecraft:oak_sign":6,"minecraft:diamond_sword":2,"minecraft:stone":78,"minecraft:spruce_trapdoor":1,"minecraft:diamond_pickaxe":5,"minecraft:bow":2,"minecraft:gold_ore":7,"minecraft:diamond_axe":1,"minecraft:lime_terracotta":1,"minecraft:red_wool":19,"minecraft:bedrock":2,"minecraft:cyan_terracotta":2,"minecraft:snowball":2,"minecraft:amethyst_shard":1,"minecraft:black_concrete":3,"minecraft:gold_ingot":7,"minecraft:purpur_block":23,"minecraft:yellow_wool":1,"minecraft:cherry_sapling":1,"minecraft:stone_stairs":1,"minecraft:glowstone":1,"minecraft:spruce_wood":2,"minecraft:iron_bars":29,"minecraft:arrow":3,"minecraft:oak_leaves":1,"minecraft:purple_terracotta":1,"minecraft:stripped_spruce_log":14,"minecraft:grass_block":100,"minecraft:iron_block":15,"minecraft:wither_rose":34,"minecraft:iron_axe":1,"minecraft:redstone_block":1,"minecraft:lapis_block":1,"minecraft:coarse_dirt":1,"minecraft:gray_terracotta":1,"minecraft:pink_wool":1,"minecraft:cow_spawn_egg":1,"minecraft:slime_ball":1,"minecraft:wooden_pickaxe":10},"minecraft:killed":{"minecraft:magma_cube":1,"minecraft:pig":5,"minecraft:player":1,"minecraft:villager":48},"minecraft:killed_by":{"minecraft:slime":1,"minecraft:warden":4,"minecraft:player":58},"minecraft:broken":{"minecraft:bow":3},"minecraft:custom":{"minecraft:interact_with_crafting_table":147,"minecraft:open_barrel":349,"minecraft:leave_game":183,"minecraft:time_since_death":27750,"minecraft:play_time":9751307,"minecraft:deaths":431,"minecraft:jump":58571,"minecraft:interact_with_furnace":1,"minecraft:damage_dealt":18052,"minecraft:use_cauldron":1,"minecraft:interact_with_smithing_table":5,"minecraft:interact_with_anvil":2,"minecraft:inspect_hopper":3,"minecraft:damage_dealt_absorbed":78,"minecraft:sneak_time":225483,"minecraft:interact_with_blast_furnace":6,"minecraft:total_world_time":9003608,"minecraft:tune_noteblock":18,"minecraft:time_since_rest":27750,"minecraft:swim_one_cm":43720,"minecraft:fly_one_cm":48818265,"minecraft:open_chest":2331,"minecraft:fall_one_cm":1707553,"minecraft:open_shulker_box":26,"minecraft:damage_resisted":176669,"minecraft:sprint_one_cm":21674545,"minecraft:drop":1943,"minecraft:talked_to_villager":39,"minecraft:walk_on_water_one_cm":41900,"minecraft:interact_with_loom":2,"minecraft:open_enderchest":99,"minecraft:player_kills":105,"minecraft:crouch_one_cm":417381,"minecraft:mob_kills":305,"minecraft:fill_cauldron":1,"minecraft:damage_dealt_resisted":23400,"minecraft:climb_one_cm":105118,"minecraft:walk_one_cm":10569024,"minecraft:walk_under_water_one_cm":414558,"minecraft:pot_flower":30,"minecraft:damage_taken":72295,"minecraft:damage_absorbed":120,"minecraft:trigger_trapped_chest":158,"minecraft:minecart_one_cm":16063,"minecraft:aviate_one_cm":82312},"minecraft:picked_up":{"minecraft:wooden_axe":4,"minecraft:iron_chestplate":1,"minecraft:chainmail_boots":1,"minecraft:wither_rose":34,"minecraft:golden_sword":1,"minecraft:pufferfish":21,"minecraft:cobbled_deepslate":1,"minecraft:green_bed":57,"minecraft:purpur_pillar":268,"minecraft:stone_sword":2,"minecraft:command_block":3,"minecraft:cow_spawn_egg":1,"minecraft:iron_block":15,"minecraft:cyan_terracotta":1,"minecraft:glowstone":1,"minecraft:white_terracotta":1,"minecraft:iron_bars":28,"minecraft:barrier":26,"minecraft:jungle_log":23,"minecraft:lantern":1,"minecraft:gray_terracotta":1,"minecraft:stripped_spruce_log":14,"minecraft:trapped_chest":1,"minecraft:quartz_bricks":3,"minecraft:polished_andesite":9,"minecraft:writable_book":1,"minecraft:dark_oak_fence":1,"minecraft:diamond_pickaxe":46,"minecraft:coarse_dirt":1,"minecraft:crafting_table":1,"minecraft:leather_leggings":1,"minecraft:purpur_block":23,"minecraft:elytra":1,"minecraft:compass":1,"minecraft:netherite_sword":2,"minecraft:spruce_slab":2,"minecraft:chest":65,"minecraft:egg":2,"minecraft:stone":78,"minecraft:fire_charge":1,"minecraft:tnt":3,"minecraft:repeating_command_block":1,"minecraft:gold_ingot":5849,"minecraft:rail":4,"minecraft:white_wool":16,"minecraft:lime_bed":2,"minecraft:blue_bed":17,"minecraft:stone_pickaxe":1,"minecraft:iron_sword":1,"minecraft:milk_bucket":1,"minecraft:red_wool":9,"minecraft:leather_helmet":1,"minecraft:diamond_shovel":44,"minecraft:red_stained_glass":96,"minecraft:slime_ball":1,"minecraft:diamond_axe":45,"minecraft:gray_wool":1,"minecraft:stripped_dark_oak_log":1,"minecraft:hopper":4,"minecraft:redstone_block":1,"minecraft:iron_trapdoor":1,"minecraft:yellow_wool":64,"minecraft:potion":5,"minecraft:stone_brick_stairs":13,"minecraft:smooth_stone_slab":2,"minecraft:oak_sign":6,"minecraft:iron_pickaxe":2,"minecraft:blue_wool":77,"minecraft:porkchop":1760,"minecraft:green_wool":4,"minecraft:leather_chestplate":1,"minecraft:stripped_birch_log":9,"minecraft:dirt":1,"minecraft:glass":1,"minecraft:powered_rail":1,"minecraft:oak_planks":4,"minecraft:grass_block":100,"minecraft:diamond_block":6,"minecraft:diamond":1189,"minecraft:black_concrete":1,"minecraft:emerald":615,"minecraft:oak_leaves":1,"minecraft:ladder":3,"minecraft:turtle_helmet":1,"minecraft:wooden_pickaxe":6,"minecraft:pink_wool":1,"minecraft:gold_block":4,"minecraft:chain":1,"minecraft:dragon_breath":1,"minecraft:stone_stairs":1,"minecraft:iron_axe":1,"minecraft:wooden_sword":30,"minecraft:player_head":46,"minecraft:spruce_trapdoor":1,"minecraft:end_stone":2,"minecraft:purple_terracotta":1,"minecraft:dark_oak_planks":2,"minecraft:arrow":1,"minecraft:bedrock":2,"minecraft:chainmail_chestplate":1,"minecraft:spruce_wood":2,"minecraft:iron_ingot":27041,"minecraft:emerald_block":68,"minecraft:stone_brick_slab":1,"minecraft:amethyst_shard":1,"minecraft:green_stained_glass":5,"minecraft:gold_ore":7,"minecraft:honey_block":1,"minecraft:cherry_sapling":1,"minecraft:terracotta":1},"minecraft:crafted":{"minecraft:chain":6,"minecraft:polished_blackstone_slab":42,"minecraft:flower_pot":2,"minecraft:redstone_lamp":6,"minecraft:smithing_table":4,"minecraft:sticky_piston":3,"minecraft:painting":4,"minecraft:polished_blackstone_bricks":20,"minecraft:iron_nugget":189,"minecraft:soul_torch":28,"minecraft:jack_o_lantern":4,"minecraft:lantern":15,"minecraft:dark_oak_planks":112,"minecraft:purpur_slab":30,"minecraft:polished_blackstone_brick_slab":30,"minecraft:enchanting_table":5,"minecraft:white_bed":10,"minecraft:golden_hoe":5,"minecraft:purpur_stairs":52,"minecraft:purpur_pillar":11,"minecraft:bricks":9,"minecraft:stick":208,"minecraft:tripwire_hook":10,"minecraft:piston":3,"minecraft:glistering_melon_slice":5,"minecraft:diamond_sword":5,"minecraft:gold_nugget":45,"minecraft:torch":52},"minecraft:used":{"minecraft:polished_granite_stairs":17,"minecraft:chiseled_deepslate":1,"minecraft:smooth_quartz_slab":501,"minecraft:polished_blackstone":67,"minecraft:spruce_slab":171,"minecraft:bamboo_sign":52,"minecraft:ladder":74,"minecraft:black_carpet":7,"minecraft:green_banner":8,"minecraft:chest":44,"minecraft:stone":2811,"minecraft:warped_sign":21,"minecraft:red_nether_brick_stairs":26,"minecraft:quartz_stairs":48,"minecraft:tube_coral":29,"minecraft:blue_stained_glass":218,"minecraft:brick_slab":29,"minecraft:orange_wool":131,"minecraft:jungle_slab":113,"minecraft:allium":13,"minecraft:cracked_deepslate_tiles":56,"minecraft:weathered_cut_copper_stairs":7,"minecraft:deepslate_brick_slab":236,"minecraft:snowball":393,"minecraft:stripped_spruce_log":66,"minecraft:wandering_trader_spawn_egg":42,"minecraft:polished_blackstone_slab":7,"minecraft:packed_ice":95,"minecraft:honey_block":18,"minecraft:honeycomb":7,"minecraft:lava_bucket":11,"minecraft:quartz_pillar":42,"minecraft:villager_spawn_egg":90,"minecraft:mangrove_stairs":29,"minecraft:red_wool":1141,"minecraft:black_stained_glass_pane":75,"minecraft:grass_block":4279,"minecraft:polished_andesite_stairs":4,"minecraft:quartz_block":113,"minecraft:dark_oak_slab":1033,"minecraft:cherry_leaves":30,"minecraft:diorite_wall":715,"minecraft:pink_wool":39,"minecraft:stone_brick_stairs":54,"minecraft:blue_banner":21,"minecraft:red_stained_glass_pane":5,"minecraft:bow":313,"minecraft:snow":251,"minecraft:yellow_glazed_terracotta":7,"minecraft:furnace":4,"minecraft:mangrove_slab":34,"minecraft:acacia_fence":10,"minecraft:egg":815,"minecraft:gray_banner":2,"minecraft:dragon_head":1,"minecraft:seagrass":1,"minecraft:dark_prismarine_stairs":31,"minecraft:brown_concrete_powder":42,"minecraft:deepslate_brick_wall":172,"minecraft:light_blue_carpet":3,"minecraft:mossy_stone_bricks":29,"minecraft:diorite":25,"minecraft:bamboo_mosaic":46,"minecraft:cow_spawn_egg":33,"minecraft:warped_fungus_on_a_stick":4,"minecraft:cut_copper_slab":4,"minecraft:stripped_birch_log":127,"minecraft:red_stained_glass":484,"minecraft:acacia_trapdoor":1,"minecraft:powered_rail":49,"minecraft:cactus":28,"minecraft:lime_concrete_powder":1,"minecraft:wooden_pickaxe":3,"minecraft:mossy_stone_brick_stairs":4,"minecraft:composter":5,"minecraft:purpur_pillar":76,"minecraft:smooth_quartz_stairs":98,"minecraft:oak_leaves":484,"minecraft:golden_apple":5,"minecraft:glow_berries":8,"minecraft:dark_oak_trapdoor":16,"minecraft:purpur_stairs":37,"minecraft:sand":912,"minecraft:blast_furnace":13,"minecraft:blue_ice":1,"minecraft:purple_terracotta":3611,"minecraft:chiseled_quartz_block":70,"minecraft:black_concrete_powder":58,"minecraft:deepslate_brick_stairs":11,"minecraft:birch_fence":29,"minecraft:deepslate_tiles":405,"minecraft:chiseled_sandstone":2,"minecraft:mangrove_door":3,"minecraft:birch_slab":89,"minecraft:zombie_head":4,"minecraft:stone_button":15,"minecraft:cyan_carpet":14,"minecraft:verdant_froglight":1,"minecraft:spore_blossom":1,"minecraft:red_terracotta":2752,"minecraft:polished_granite":191,"minecraft:diamond_ore":6,"minecraft:flowering_azalea_leaves":40,"minecraft:polished_andesite_slab":21,"minecraft:soul_lantern":40,"minecraft:magenta_stained_glass_pane":20,"minecraft:diamond_sword":173,"minecraft:coal_block":37,"minecraft:wooden_sword":378,"minecraft:smithing_table":32,"minecraft:dark_oak_fence":255,"minecraft:white_stained_glass":106,"minecraft:birch_log":30,"minecraft:ice":302,"minecraft:purple_wool":21,"minecraft:diorite_stairs":9,"minecraft:oak_trapdoor":67,"minecraft:polished_blackstone_brick_slab":18,"minecraft:enchanting_table":11,"minecraft:iron_bars":197,"minecraft:acacia_log":2,"minecraft:brain_coral_fan":8,"minecraft:dead_bush":10,"minecraft:red_concrete":9,"minecraft:armor_stand":3,"minecraft:mycelium":70,"minecraft:stripped_warped_stem":70,"minecraft:tinted_glass":415,"minecraft:mangrove_fence":16,"minecraft:polished_blackstone_wall":74,"minecraft:orange_stained_glass":48,"minecraft:green_glazed_terracotta":5,"minecraft:torch":64,"minecraft:ancient_debris":4,"minecraft:anvil":18,"minecraft:twisting_vines":2,"minecraft:stone_stairs":2,"minecraft:yellow_carpet":2,"minecraft:jungle_trapdoor":27,"minecraft:polished_granite_slab":16,"minecraft:dead_brain_coral_block":236,"minecraft:blue_concrete":2,"minecraft:polished_diorite":10,"minecraft:fern":2,"minecraft:small_dripleaf":4,"minecraft:mossy_cobblestone_stairs":6,"minecraft:red_shulker_box":14,"minecraft:sea_lantern":60,"minecraft:bamboo_fence":9,"minecraft:cyan_shulker_box":7,"minecraft:iron_block":118,"minecraft:slime_block":48,"minecraft:rooted_dirt":3,"minecraft:brick_stairs":41,"minecraft:warped_fence":1,"minecraft:smooth_quartz":113,"minecraft:barrel":151,"minecraft:waxed_exposed_cut_copper_slab":124,"minecraft:bamboo":52,"minecraft:tripwire_hook":6,"minecraft:purple_concrete":14,"minecraft:glowstone":24,"minecraft:warped_stairs":27,"minecraft:tall_grass":171,"minecraft:iron_trapdoor":62,"minecraft:magenta_terracotta":39,"minecraft:goat_horn":116,"minecraft:acacia_wood":5,"minecraft:trapped_chest":18,"minecraft:crimson_pressure_plate":3,"minecraft:cobbled_deepslate":157,"minecraft:observer":11,"minecraft:orange_terracotta":152,"minecraft:horn_coral_fan":14,"minecraft:pointed_dripstone":84,"minecraft:deepslate_emerald_ore":1,"minecraft:water_bucket":202,"minecraft:warped_stem":5,"minecraft:light_blue_shulker_box":13,"minecraft:tube_coral_block":2,"minecraft:light_blue_glazed_terracotta":2,"minecraft:dirt_path":443,"minecraft:prismarine_brick_slab":39,"minecraft:birch_planks":319,"minecraft:yellow_shulker_box":90,"minecraft:lime_wool":133,"minecraft:bubble_coral_fan":16,"minecraft:red_mushroom_block":16,"minecraft:cauldron":6,"minecraft:fletching_table":3,"minecraft:gold_ore":47,"minecraft:deepslate_bricks":786,"minecraft:polished_blackstone_bricks":391,"minecraft:cracked_stone_bricks":4,"minecraft:gilded_blackstone":2,"minecraft:pink_concrete":2,"minecraft:polished_deepslate_slab":5,"minecraft:mossy_cobblestone":19,"minecraft:diamond_block":18,"minecraft:light_gray_banner":2,"minecraft:lime_terracotta":43,"minecraft:rail":500,"minecraft:vine":238,"minecraft:oak_slab":322,"minecraft:tnt":191,"minecraft:crafting_table":34,"minecraft:cyan_glazed_terracotta":11,"minecraft:crimson_trapdoor":1,"minecraft:red_bed":10,"minecraft:birch_sign":4,"minecraft:white_bed":9,"minecraft:campfire":65,"minecraft:fire_coral":44,"minecraft:lime_shulker_box":2,"minecraft:cake":2,"minecraft:spruce_log":96,"minecraft:mushroom_stem":6,"minecraft:small_amethyst_bud":8,"minecraft:oak_log":309,"minecraft:amethyst_cluster":10,"minecraft:mud":104,"minecraft:light":24,"minecraft:diamond_pickaxe":616,"minecraft:cornflower":25,"minecraft:waxed_exposed_cut_copper_stairs":2,"minecraft:warped_trapdoor":1,"minecraft:diamond_shovel":15,"minecraft:mangrove_pressure_plate":2,"minecraft:sunflower":23,"minecraft:oak_button":4,"minecraft:iron_pickaxe":61,"minecraft:leather_helmet":1700,"minecraft:purpur_slab":2,"minecraft:spruce_trapdoor":5,"minecraft:bamboo_slab":59,"minecraft:spruce_sapling":132,"minecraft:crimson_nylium":1,"minecraft:green_carpet":5,"minecraft:chiseled_stone_bricks":29,"minecraft:cobblestone":213,"minecraft:potion":45,"minecraft:crimson_stairs":10,"minecraft:glass_pane":395,"minecraft:repeating_command_block":32,"minecraft:end_portal_frame":3,"minecraft:brown_mushroom_block":163,"minecraft:candle":86,"minecraft:green_stained_glass":52,"minecraft:light_blue_stained_glass_pane":13,"minecraft:moss_carpet":14,"minecraft:blue_terracotta":569,"minecraft:melon":44,"minecraft:carrot_on_a_stick":1549,"minecraft:oak_sign":171,"minecraft:polished_basalt":5,"minecraft:white_concrete_powder":1,"minecraft:decorated_pot":9,"minecraft:white_terracotta":725,"minecraft:iron_sword":254,"minecraft:purple_shulker_box":104,"minecraft:bubble_coral":23,"minecraft:grass":215,"minecraft:smooth_sandstone_stairs":117,"minecraft:player_head":233,"minecraft:sculk_sensor":9,"minecraft:green_terracotta":244,"minecraft:spruce_leaves":93,"minecraft:debug_stick":109,"minecraft:oxidized_cut_copper":9,"minecraft:birch_pressure_plate":3,"minecraft:prismarine_brick_stairs":13,"minecraft:deepslate_tile_slab":64,"minecraft:pink_terracotta":196,"minecraft:cyan_wool":268,"minecraft:milk_bucket":5,"minecraft:obsidian":75,"minecraft:glass":322,"minecraft:crimson_button":25,"minecraft:cyan_terracotta":265,"minecraft:bricks":633,"minecraft:coal_ore":56,"minecraft:quartz_slab":30,"minecraft:spruce_wood":934,"minecraft:lantern":9,"minecraft:blue_orchid":22,"minecraft:packed_mud":85,"minecraft:green_wool":109,"minecraft:dark_oak_wood":21,"minecraft:stone_bricks":198,"minecraft:item_frame":11,"minecraft:spruce_hanging_sign":1,"minecraft:bedrock":141,"minecraft:birch_trapdoor":24,"minecraft:deepslate_diamond_ore":4,"minecraft:golden_sword":49,"minecraft:reinforced_deepslate":5,"minecraft:red_carpet":19,"minecraft:repeater":1,"minecraft:redstone_lamp":17,"minecraft:honeycomb_block":56,"minecraft:brown_carpet":5,"minecraft:warped_fungus":5,"minecraft:horn_coral":19,"minecraft:hay_block":42,"minecraft:scaffolding":6,"minecraft:gold_block":58,"minecraft:skeleton_skull":2,"minecraft:pink_concrete_powder":1,"minecraft:pearlescent_froglight":98,"minecraft:fire_coral_fan":23,"minecraft:polished_blackstone_stairs":50,"minecraft:mangrove_leaves":27,"minecraft:bamboo_trapdoor":8,"minecraft:chiseled_polished_blackstone":113,"minecraft:dark_oak_stairs":316,"minecraft:end_rod":194,"minecraft:tube_coral_fan":22,"minecraft:torchflower":3,"minecraft:wither_skeleton_skull":12,"minecraft:birch_leaves":3,"minecraft:dark_oak_sign":15,"minecraft:gray_carpet":5,"minecraft:mangrove_planks":199,"minecraft:jungle_fence":21,"minecraft:oak_planks":431,"minecraft:polished_diorite_slab":209,"minecraft:ender_pearl":44,"minecraft:sandstone":207,"minecraft:redstone_block":222,"minecraft:blue_bed":3,"minecraft:diamond_axe":221,"minecraft:large_amethyst_bud":9,"minecraft:bamboo_stairs":12,"minecraft:white_wool":485,"minecraft:brain_coral":36,"minecraft:yellow_terracotta":898,"minecraft:light_blue_concrete":3,"minecraft:lime_stained_glass_pane":1,"minecraft:loom":18,"minecraft:light_blue_wool":18,"minecraft:black_banner":8,"minecraft:light_gray_terracotta":234,"minecraft:yellow_concrete":43,"minecraft:dripstone_block":203,"minecraft:ochre_froglight":7,"minecraft:note_block":51,"minecraft:stone_brick_wall":41,"minecraft:end_stone":385,"minecraft:redstone_torch":1,"minecraft:black_terracotta":410,"minecraft:sticky_piston":8,"minecraft:green_concrete":7,"minecraft:lever":5,"minecraft:blue_glazed_terracotta":1,"minecraft:black_concrete":1606,"minecraft:daylight_detector":7,"minecraft:acacia_door":2,"minecraft:dark_oak_log":15,"minecraft:heavy_weighted_pressure_plate":10,"minecraft:barrier":888,"minecraft:brown_wool":212,"minecraft:warped_slab":30,"minecraft:iron_door":50,"minecraft:gravel":7,"minecraft:stripped_warped_hyphae":1,"minecraft:jungle_sign":2,"minecraft:grindstone":9,"minecraft:medium_amethyst_bud":7,"minecraft:andesite":46,"minecraft:chain":9,"minecraft:smooth_stone_slab":252,"minecraft:white_concrete":307,"minecraft:coarse_dirt":87,"minecraft:warped_button":12,"minecraft:bamboo_mosaic_slab":23,"minecraft:bone_meal":1253,"minecraft:cobweb":20,"minecraft:oak_fence":77,"minecraft:purpur_block":15,"minecraft:trident":40,"minecraft:netherite_sword":110,"minecraft:jungle_leaves":487,"minecraft:cracked_deepslate_bricks":1148,"minecraft:redstone":14,"minecraft:light_blue_terracotta":4601,"minecraft:spruce_planks":55,"minecraft:ender_chest":10,"minecraft:deepslate_gold_ore":5,"minecraft:dried_kelp_block":18,"minecraft:oak_door":1,"minecraft:dirt":475,"minecraft:spyglass":13,"minecraft:red_nether_brick_slab":134,"minecraft:white_carpet":36,"minecraft:hopper":5,"minecraft:prismarine_bricks":16,"minecraft:spruce_stairs":13,"minecraft:cobblestone_wall":15,"minecraft:warped_door":1,"minecraft:oak_wood":3,"minecraft:bee_nest":6,"minecraft:pink_carpet":3,"minecraft:granite":200,"minecraft:spruce_fence":43,"minecraft:light_blue_stained_glass":9,"minecraft:birch_door":2,"minecraft:iron_hoe":36,"minecraft:dark_oak_planks":1135,"minecraft:stone_brick_slab":91,"minecraft:brown_terracotta":31,"minecraft:light_gray_stained_glass":13,"minecraft:bookshelf":122,"minecraft:oak_stairs":39,"minecraft:acacia_slab":7,"minecraft:crimson_slab":18,"minecraft:polished_blackstone_brick_stairs":33,"minecraft:crimson_planks":131,"minecraft:yellow_concrete_powder":1,"minecraft:black_stained_glass":117,"minecraft:emerald_block":145,"minecraft:pitcher_plant":3,"minecraft:dark_oak_pressure_plate":13,"minecraft:lime_stained_glass":3,"minecraft:deepslate_tile_stairs":168,"minecraft:netherite_pickaxe":2259,"minecraft:minecart":6,"minecraft:infested_cobblestone":4,"minecraft:stone_pressure_plate":4,"minecraft:turtle_egg":3,"minecraft:pumpkin":30,"minecraft:light_gray_bed":8,"minecraft:bamboo_planks":534,"minecraft:quartz_bricks":2387,"minecraft:iron_ore":3,"minecraft:pink_tulip":1,"minecraft:amethyst_block":62,"minecraft:cobblestone_stairs":1,"minecraft:lodestone":130,"minecraft:snow_block":2767,"minecraft:glass_bottle":1,"minecraft:polished_andesite":67,"minecraft:red_nether_bricks":446,"minecraft:blue_wool":987,"minecraft:purple_glazed_terracotta":15,"minecraft:cut_sandstone":9,"minecraft:brown_mushroom":4,"minecraft:spruce_sign":1,"minecraft:magenta_stained_glass":29,"minecraft:red_glazed_terracotta":10,"minecraft:stonecutter":3,"minecraft:green_bed":7,"minecraft:cobblestone_slab":14,"minecraft:waxed_copper_block":5,"minecraft:polished_blackstone_pressure_plate":4,"minecraft:stripped_dark_oak_log":100,"minecraft:terracotta":1439,"minecraft:lime_bed":5,"minecraft:dark_prismarine_slab":15,"minecraft:strider_spawn_egg":19,"minecraft:red_mushroom":3,"minecraft:brown_banner":12,"minecraft:yellow_stained_glass_pane":1,"minecraft:painting":209,"minecraft:magenta_carpet":1,"minecraft:piglin_head":7,"minecraft:smoker":11,"minecraft:warped_planks":689,"minecraft:dark_oak_door":29,"minecraft:nether_gold_ore":1,"minecraft:purple_stained_glass":209,"minecraft:flower_pot":102,"minecraft:gray_terracotta":143,"minecraft:piston":4,"minecraft:netherite_block":2,"minecraft:black_wool":210,"minecraft:activator_rail":35,"minecraft:command_block":205,"minecraft:map":7,"minecraft:detector_rail":8,"minecraft:jungle_stairs":32,"minecraft:stone_slab":1115,"minecraft:yellow_wool":1186,"minecraft:pink_petals":63,"minecraft:green_shulker_box":7,"minecraft:fire_coral_block":3,"minecraft:fishing_rod":6,"minecraft:mud_brick_wall":20,"minecraft:white_banner":123,"minecraft:lapis_block":1,"minecraft:bucket":6,"minecraft:pink_shulker_box":8,"minecraft:chain_command_block":6,"minecraft:magenta_glazed_terracotta":1,"minecraft:yellow_bed":3,"minecraft:sea_pickle":51,"minecraft:polished_blackstone_button":48,"minecraft:purple_carpet":8,"minecraft:gray_wool":327,"minecraft:smooth_stone":938,"minecraft:splash_potion":10,"minecraft:birch_stairs":36},"minecraft:mined":{"minecraft:dark_oak_planks":88,"minecraft:carved_pumpkin":4,"minecraft:obsidian":21,"minecraft:blue_wool":8,"minecraft:red_bed":38,"minecraft:blue_stained_glass":3,"minecraft:melon":6,"minecraft:bricks":53,"minecraft:yellow_terracotta":4,"minecraft:dark_oak_log":29,"minecraft:end_stone":22,"minecraft:lime_wool":2,"minecraft:redstone_ore":22,"minecraft:rail":21,"minecraft:white_wool":38,"minecraft:glass_pane":41,"minecraft:soul_sand":7,"minecraft:red_terracotta":21,"minecraft:polished_blackstone":55,"minecraft:gold_ore":2207,"minecraft:glowstone":7,"minecraft:iron_ore":52,"minecraft:pointed_dripstone":1,"minecraft:cobblestone":53,"minecraft:slime_block":30,"minecraft:oak_planks":34,"minecraft:blue_terracotta":4,"minecraft:yellow_wool":45,"minecraft:purpur_block":117,"minecraft:lime_terracotta":6,"minecraft:diamond_ore":28,"minecraft:red_stained_glass":2,"minecraft:gold_block":66,"minecraft:bookshelf":8,"minecraft:red_wool":8,"minecraft:blue_bed":9,"minecraft:lime_bed":7,"minecraft:yellow_bed":11,"minecraft:coal_ore":22}},"DataVersion":3578}