{"stats":{"minecraft:used":{"minecraft:iron_hoe":7,"minecraft:cyan_terracotta":9,"minecraft:netherite_sword":5,"minecraft:sea_lantern":1,"minecraft:diamond_pickaxe":23,"minecraft:black_wool":34,"minecraft:diamond_shovel":2,"minecraft:red_wool":408,"minecraft:light_gray_concrete":21,"minecraft:yellow_stained_glass":68,"minecraft:oak_planks":26,"minecraft:oak_sign":1,"minecraft:light_blue_terracotta":7,"minecraft:ender_pearl":3,"minecraft:leather_helmet":103,"minecraft:cyan_concrete":4,"minecraft:red_terracotta":16,"minecraft:iron_sword":120,"minecraft:diamond_axe":6,"minecraft:yellow_wool":209,"minecraft:golden_apple":10,"minecraft:light_gray_wool":8,"minecraft:white_wool":2,"minecraft:diamond_sword":29,"minecraft:wooden_sword":3,"minecraft:bow":8,"minecraft:potion":1,"minecraft:yellow_terracotta":16,"minecraft:light_blue_concrete":4,"minecraft:strider_spawn_egg":3,"minecraft:goat_horn":9,"minecraft:light_blue_wool":3,"minecraft:gray_concrete":5,"minecraft:cyan_wool":3,"minecraft:snowball":20},"minecraft:crafted":{"minecraft:stick":4,"minecraft:soul_torch":4,"minecraft:smithing_table":1,"minecraft:bricks":1,"minecraft:flower_pot":1,"minecraft:purpur_stairs":4},"minecraft:mined":{"minecraft:dark_oak_planks":6,"minecraft:glass_pane":7,"minecraft:red_wool":1,"minecraft:red_bed":1,"minecraft:soul_sand":1,"minecraft:iron_ore":2,"minecraft:end_stone":1,"minecraft:purpur_block":6,"minecraft:obsidian":1,"minecraft:coal_ore":1,"minecraft:yellow_stained_glass":2,"minecraft:bricks":8},"minecraft:killed_by":{"minecraft:player":11},"minecraft:custom":{"minecraft:time_since_rest":926,"minecraft:damage_absorbed":341,"minecraft:open_enderchest":86,"minecraft:sprint_one_cm":302949,"minecraft:damage_taken":3822,"minecraft:walk_one_cm":189660,"minecraft:trigger_trapped_chest":3,"minecraft:drop":6,"minecraft:damage_dealt":1423,"minecraft:damage_dealt_absorbed":37,"minecraft:interact_with_crafting_table":6,"minecraft:fly_one_cm":585407,"minecraft:player_kills":17,"minecraft:open_chest":98,"minecraft:crouch_one_cm":61911,"minecraft:play_time":99623,"minecraft:deaths":14,"minecraft:sneak_time":11690,"minecraft:jump":2068,"minecraft:leave_game":1,"minecraft:walk_on_water_one_cm":669,"minecraft:time_since_death":925,"minecraft:climb_one_cm":8345,"minecraft:total_world_time":99623,"minecraft:damage_resisted":8260,"minecraft:fall_one_cm":173813},"minecraft:dropped":{"minecraft:red_wool":1,"minecraft:emerald":34},"minecraft:picked_up":{"minecraft:red_wool":1,"minecraft:diamond":117,"minecraft:iron_ingot":2324,"minecraft:gold_ingot":470,"minecraft:emerald":80}},"DataVersion":3578}