{"stats":{"minecraft:broken":{"minecraft:netherite_helmet":1,"minecraft:bow":1},"minecraft:crafted":{"minecraft:tripwire_hook":4,"minecraft:leather_leggings":2,"minecraft:leather_boots":1,"minecraft:golden_chestplate":1,"minecraft:iron_nugget":27,"minecraft:chain":1,"minecraft:soul_torch":4,"minecraft:polished_blackstone_slab":18,"minecraft:purpur_stairs":4,"minecraft:lantern":1,"minecraft:bricks":2,"minecraft:dark_oak_planks":32,"minecraft:golden_helmet":3,"minecraft:flower_pot":1,"minecraft:golden_boots":2,"minecraft:redstone_lamp":1,"minecraft:diamond_sword":2,"minecraft:smithing_table":1,"minecraft:leather_helmet":1,"minecraft:gold_block":1,"minecraft:bucket":1,"minecraft:painting":2,"minecraft:stick":60,"minecraft:leather_chestplate":2,"minecraft:white_bed":2,"minecraft:torch":4,"minecraft:golden_hoe":3},"minecraft:mined":{"minecraft:dark_oak_planks":53,"minecraft:diamond_ore":27,"minecraft:dark_oak_log":13,"minecraft:end_stone":4,"minecraft:carved_pumpkin":30,"minecraft:obsidian":19,"minecraft:lime_wool":5,"minecraft:lime_stained_glass":2,"minecraft:blue_wool":27,"minecraft:redstone_ore":10,"minecraft:glowstone":3,"minecraft:iron_ore":33,"minecraft:pumpkin":8,"minecraft:gold_block":54,"minecraft:bookshelf":5,"minecraft:rail":60,"minecraft:white_wool":16,"minecraft:soul_sand":4,"minecraft:glass_pane":1,"minecraft:red_wool":26,"minecraft:red_bed":7,"minecraft:melon":7,"minecraft:cobblestone":25,"minecraft:slime_block":17,"minecraft:oak_planks":26,"minecraft:bricks":34,"minecraft:blue_bed":3,"minecraft:red_terracotta":1,"minecraft:lime_bed":3,"minecraft:blue_terracotta":1,"minecraft:yellow_wool":15,"minecraft:purpur_block":42,"minecraft:yellow_bed":5,"minecraft:coal_ore":9,"minecraft:lime_terracotta":7,"minecraft:polished_blackstone":27,"minecraft:gold_ore":1239},"minecraft:killed_by":{"minecraft:player":65,"minecraft:warden":4},"minecraft:used":{"minecraft:trident":30,"minecraft:netherite_sword":152,"minecraft:blue_terracotta":16,"minecraft:red_sand":19,"minecraft:stone_sword":52,"minecraft:acacia_log":31,"minecraft:carrot_on_a_stick":126,"minecraft:red_concrete":17,"minecraft:red_sandstone_slab":23,"minecraft:chest":2,"minecraft:oak_sign":53,"minecraft:silverfish_spawn_egg":1,"minecraft:spruce_planks":39,"minecraft:iron_sword":207,"minecraft:zombie_spawn_egg":16,"minecraft:player_head":28,"minecraft:stripped_crimson_stem":17,"minecraft:dirt":1,"minecraft:anvil":2,"minecraft:jungle_planks":5,"minecraft:light_gray_glazed_terracotta":15,"minecraft:acacia_button":8,"minecraft:cyan_wool":101,"minecraft:dead_brain_coral_block":7,"minecraft:snowball":30,"minecraft:stripped_spruce_log":94,"minecraft:milk_bucket":38,"minecraft:obsidian":28,"minecraft:glass":14,"minecraft:iron_hoe":2,"minecraft:crimson_button":1,"minecraft:quartz_slab":1,"minecraft:red_wool":959,"minecraft:grass_block":163,"minecraft:quartz_block":6,"minecraft:jungle_log":12,"minecraft:crimson_planks":95,"minecraft:bedrock":1,"minecraft:golden_sword":20,"minecraft:bow":176,"minecraft:wolf_spawn_egg":20,"minecraft:goat_horn":13,"minecraft:netherite_pickaxe":1274,"minecraft:egg":218,"minecraft:enchanted_golden_apple":6,"minecraft:diorite":28,"minecraft:warped_fungus_on_a_stick":2,"minecraft:birch_planks":17,"minecraft:stripped_birch_log":1,"minecraft:stone_pickaxe":5,"minecraft:powered_rail":3,"minecraft:lime_wool":319,"minecraft:oak_planks":235,"minecraft:blue_wool":721,"minecraft:ender_pearl":8,"minecraft:wooden_pickaxe":4,"minecraft:diamond_axe":188,"minecraft:red_glazed_terracotta":6,"minecraft:polished_blackstone_bricks":3,"minecraft:golden_apple":61,"minecraft:diamond_block":209,"minecraft:lime_terracotta":4,"minecraft:rail":20,"minecraft:yellow_terracotta":124,"minecraft:tnt":606,"minecraft:crafting_table":4,"minecraft:yellow_concrete":128,"minecraft:stone_brick_wall":1,"minecraft:black_concrete_powder":3,"minecraft:shears":13,"minecraft:spruce_log":60,"minecraft:warped_planks":139,"minecraft:nether_gold_ore":7,"minecraft:black_terracotta":118,"minecraft:flower_pot":5,"minecraft:acacia_stairs":15,"minecraft:diamond_pickaxe":347,"minecraft:black_wool":94,"minecraft:diamond_shovel":11,"minecraft:cracked_polished_blackstone_bricks":3,"minecraft:iron_pickaxe":78,"minecraft:leather_helmet":68,"minecraft:red_terracotta":6,"minecraft:polished_granite":1,"minecraft:diamond_ore":113,"minecraft:gravel":9,"minecraft:yellow_wool":737,"minecraft:stone_axe":3,"minecraft:jungle_sign":1,"minecraft:diamond_sword":55,"minecraft:fire_charge":4,"minecraft:wooden_sword":87,"minecraft:cobblestone":35,"minecraft:potion":46,"minecraft:stripped_oak_wood":219,"minecraft:birch_log":35,"minecraft:magenta_glazed_terracotta":9,"minecraft:stripped_oak_log":56,"minecraft:smooth_stone":11,"minecraft:splash_potion":185},"minecraft:custom":{"minecraft:interact_with_smithing_table":3,"minecraft:mob_kills":85,"minecraft:interact_with_anvil":8,"minecraft:interact_with_crafting_table":64,"minecraft:open_barrel":19,"minecraft:open_shulker_box":12,"minecraft:damage_dealt_resisted":13628,"minecraft:leave_game":70,"minecraft:time_since_death":7032,"minecraft:climb_one_cm":53751,"minecraft:damage_resisted":151802,"minecraft:sprint_one_cm":4529189,"minecraft:walk_one_cm":2052887,"minecraft:drop":2035,"minecraft:play_time":1341640,"minecraft:deaths":169,"minecraft:sneak_time":123614,"minecraft:walk_under_water_one_cm":190,"minecraft:jump":20175,"minecraft:walk_on_water_one_cm":5253,"minecraft:total_world_time":165338,"minecraft:pot_flower":1,"minecraft:time_since_rest":7034,"minecraft:open_enderchest":172,"minecraft:damage_taken":92045,"minecraft:damage_absorbed":1737,"minecraft:trigger_trapped_chest":16,"minecraft:minecart_one_cm":1540,"minecraft:damage_dealt":16946,"minecraft:fly_one_cm":7958877,"minecraft:player_kills":70,"minecraft:open_chest":383,"minecraft:crouch_one_cm":229817,"minecraft:aviate_one_cm":2712,"minecraft:fall_one_cm":1050880},"minecraft:picked_up":{"minecraft:splash_potion":1,"minecraft:anvil":1,"minecraft:leather_leggings":1,"minecraft:lead":1,"minecraft:diamond_sword":2,"minecraft:potion":16,"minecraft:gold_block":1,"minecraft:enchanted_book":44,"minecraft:purpur_block":141,"minecraft:red_bed":2,"minecraft:wooden_sword":9,"minecraft:iron_leggings":1,"minecraft:oak_sign":11,"minecraft:smooth_stone":1,"minecraft:netherite_sword":26,"minecraft:bucket":1,"minecraft:player_head":41,"minecraft:enchanted_golden_apple":5,"minecraft:egg":1,"minecraft:blue_wool":1,"minecraft:lime_wool":55,"minecraft:stick":63,"minecraft:porkchop":795,"minecraft:brown_dye":1,"minecraft:red_sandstone_slab":1,"minecraft:carved_pumpkin":489,"minecraft:yellow_terracotta":1,"minecraft:gold_ingot":1613,"minecraft:netherite_chestplate":3,"minecraft:polished_blackstone":110,"minecraft:obsidian":3,"minecraft:stripped_oak_log":1,"minecraft:red_glazed_terracotta":135,"minecraft:yellow_dye":1,"minecraft:golden_leggings":1,"minecraft:carrot_on_a_stick":1,"minecraft:stripped_birch_log":1,"minecraft:bow":2,"minecraft:orange_tulip":1,"minecraft:iron_ingot":7846,"minecraft:iron_sword":2,"minecraft:glass_bottle":1,"minecraft:oak_planks":11,"minecraft:milk_bucket":161,"minecraft:yellow_concrete":1,"minecraft:red_wool":1,"minecraft:leather_helmet":1,"minecraft:diamond_shovel":8,"minecraft:slime_ball":45,"minecraft:diamond":470,"minecraft:netherite_helmet":1,"minecraft:dead_brain_coral_block":4,"minecraft:diamond_axe":14,"minecraft:emerald":397,"minecraft:bricks":1,"minecraft:diamond_pickaxe":9},"minecraft:dropped":{"minecraft:iron_ingot":451,"minecraft:iron_sword":2,"minecraft:diamond_axe":6,"minecraft:diamond":146,"minecraft:glass_bottle":2,"minecraft:polished_blackstone":110,"minecraft:netherite_helmet":1,"minecraft:netherite_chestplate":2,"minecraft:orange_tulip":1,"minecraft:red_wool":3,"minecraft:carrot_on_a_stick":1,"minecraft:gold_block":1,"minecraft:stick":63,"minecraft:emerald":47,"minecraft:red_bed":2,"minecraft:milk_bucket":160,"minecraft:potion":1,"minecraft:wooden_sword":9,"minecraft:bucket":1,"minecraft:gold_ingot":82,"minecraft:red_glazed_terracotta":135,"minecraft:bricks":1,"minecraft:purpur_block":141,"minecraft:player_head":43,"minecraft:netherite_sword":25,"minecraft:obsidian":3,"minecraft:blue_wool":2,"minecraft:lime_wool":13,"minecraft:oak_planks":24,"minecraft:enchanted_golden_apple":4,"minecraft:diamond_shovel":1,"minecraft:red_sandstone_slab":1,"minecraft:stripped_oak_log":1,"minecraft:oak_sign":7,"minecraft:diamond_sword":2,"minecraft:diamond_pickaxe":1,"minecraft:carved_pumpkin":491,"minecraft:leather_leggings":1,"minecraft:slime_ball":45,"minecraft:bow":1,"minecraft:dead_brain_coral_block":1,"minecraft:egg":1}},"DataVersion":3218}