{"stats":{"minecraft:killed_by":{"minecraft:player":4},"minecraft:custom":{"minecraft:jump":128,"minecraft:time_since_rest":2888,"minecraft:deaths":4,"minecraft:crouch_one_cm":4769,"minecraft:sprint_one_cm":32788,"minecraft:leave_game":3,"minecraft:play_time":13491,"minecraft:damage_taken":1133,"minecraft:time_since_death":2887,"minecraft:walk_one_cm":17456,"minecraft:sneak_time":1121,"minecraft:climb_one_cm":7498,"minecraft:total_world_time":13215,"minecraft:fall_one_cm":10001,"minecraft:fly_one_cm":76301,"minecraft:open_chest":2},"minecraft:mined":{"minecraft:glass":2},"minecraft:used":{"minecraft:iron_hoe":2}},"DataVersion":3578}