{"stats":{"minecraft:picked_up":{"minecraft:diamond":30,"minecraft:iron_ingot":428,"minecraft:gold_ingot":86,"minecraft:emerald":7},"minecraft:custom":{"minecraft:time_since_rest":5796,"minecraft:open_enderchest":2,"minecraft:damage_taken":50976,"minecraft:sprint_one_cm":362995,"minecraft:walk_one_cm":412921,"minecraft:trigger_trapped_chest":1,"minecraft:mob_kills":5,"minecraft:damage_dealt":1120,"minecraft:interact_with_crafting_table":4,"minecraft:talked_to_villager":7,"minecraft:fly_one_cm":223770,"minecraft:player_kills":9,"minecraft:open_barrel":5,"minecraft:open_chest":24,"minecraft:crouch_one_cm":38323,"minecraft:play_time":98104,"minecraft:deaths":23,"minecraft:sneak_time":15907,"minecraft:aviate_one_cm":3561,"minecraft:jump":929,"minecraft:leave_game":1,"minecraft:walk_on_water_one_cm":1153,"minecraft:time_since_death":5792,"minecraft:damage_resisted":32931,"minecraft:climb_one_cm":6928,"minecraft:total_world_time":98104,"minecraft:fall_one_cm":96673},"minecraft:killed_by":{"minecraft:warden":3,"minecraft:player":18},"minecraft:mined":{"minecraft:glass_pane":17,"minecraft:red_wool":18,"minecraft:dark_oak_log":1,"minecraft:pumpkin":1,"minecraft:purpur_block":1,"minecraft:carved_pumpkin":1,"minecraft:coal_ore":1,"minecraft:melon":2,"minecraft:rail":7,"minecraft:bricks":8,"minecraft:gold_ore":1},"minecraft:killed":{"minecraft:pig":1},"minecraft:broken":{"minecraft:bow":2},"minecraft:used":{"minecraft:iron_hoe":17,"minecraft:gray_terracotta":13,"minecraft:trident":10,"minecraft:netherite_sword":4,"minecraft:diamond_pickaxe":14,"minecraft:black_wool":79,"minecraft:red_wool":239,"minecraft:stone_pickaxe":5,"minecraft:oak_planks":32,"minecraft:oak_sign":1,"minecraft:powered_rail":2,"minecraft:brown_wool":1,"minecraft:iron_pickaxe":7,"minecraft:light_blue_terracotta":28,"minecraft:black_carpet":1,"minecraft:leather_helmet":48,"minecraft:wooden_pickaxe":4,"minecraft:white_terracotta":31,"minecraft:diamond_axe":5,"minecraft:wooden_sword":53,"minecraft:diamond_sword":1,"minecraft:terracotta":11,"minecraft:spyglass":4,"minecraft:rail":33,"minecraft:bow":17,"minecraft:strider_spawn_egg":4,"minecraft:goat_horn":17,"minecraft:snowball":5,"minecraft:obsidian":4},"minecraft:crafted":{"minecraft:gold_nugget":9,"minecraft:stick":4,"minecraft:bricks":2,"minecraft:dark_oak_planks":4,"minecraft:torch":4,"minecraft:pumpkin_seeds":4,"minecraft:glistering_melon_slice":1}},"DataVersion":3578}