{"stats":{"minecraft:dropped":{"minecraft:purple_terracotta":1,"minecraft:netherite_pickaxe":3,"minecraft:diamond":3,"minecraft:netherite_sword":1,"minecraft:blue_wool":56,"minecraft:diamond_pickaxe":42,"minecraft:fire_coral_block":3},"minecraft:mined":{"minecraft:dark_oak_planks":29,"minecraft:diamond_ore":1,"minecraft:soul_sand":1,"minecraft:dark_oak_log":2,"minecraft:blue_stained_glass":2,"minecraft:obsidian":4,"minecraft:carved_pumpkin":2,"minecraft:melon":1,"minecraft:lime_stained_glass":1,"minecraft:slime_block":1,"minecraft:lime_wool":7,"minecraft:blue_wool":2,"minecraft:bricks":6,"minecraft:oak_planks":6,"minecraft:redstone_ore":1,"minecraft:yellow_wool":1,"minecraft:iron_ore":6,"minecraft:purpur_block":17,"minecraft:gold_block":1,"minecraft:bookshelf":1,"minecraft:coal_ore":3,"minecraft:polished_blackstone":5,"minecraft:yellow_stained_glass":1,"minecraft:gold_ore":960,"minecraft:white_wool":7},"minecraft:picked_up":{"minecraft:wooden_sword":1,"minecraft:fire_coral_block":3,"minecraft:netherite_sword":1,"minecraft:iron_ingot":3081,"minecraft:oak_fence":1,"minecraft:porkchop":272,"minecraft:zombified_piglin_spawn_egg":1,"minecraft:netherite_pickaxe":3,"minecraft:purple_terracotta":1,"minecraft:diamond_shovel":3,"minecraft:diamond":19,"minecraft:diamond_axe":3,"minecraft:gold_ingot":755,"minecraft:emerald":8,"minecraft:diamond_pickaxe":46},"minecraft:used":{"minecraft:brain_coral_block":47,"minecraft:oak_fence":9,"minecraft:netherite_sword":17,"minecraft:jungle_leaves":2,"minecraft:tube_coral_block":16,"minecraft:red_stained_glass":6,"minecraft:carrot_on_a_stick":13,"minecraft:lime_wool":58,"minecraft:oak_planks":213,"minecraft:blue_wool":94,"minecraft:sandstone":1,"minecraft:iron_sword":6,"minecraft:diamond_axe":44,"minecraft:bubble_coral":7,"minecraft:player_head":7,"minecraft:gold_ore":1,"minecraft:tube_coral":7,"minecraft:green_terracotta":11,"minecraft:white_wool":63,"minecraft:sand":6,"minecraft:rail":19,"minecraft:oak_slab":9,"minecraft:blue_stained_glass":59,"minecraft:nether_brick_slab":1,"minecraft:purple_terracotta":108,"minecraft:fire_coral":10,"minecraft:end_stone":116,"minecraft:snowball":3,"minecraft:purple_stained_glass":2,"minecraft:oak_log":12,"minecraft:dark_prismarine":4,"minecraft:diamond_pickaxe":62,"minecraft:yellow_stained_glass":68,"minecraft:grass_block":7,"minecraft:yellow_wool":78,"minecraft:golden_sword":7,"minecraft:fire_coral_block":71,"minecraft:potion":1,"minecraft:bow":71,"minecraft:horn_coral":8,"minecraft:lime_stained_glass":115,"minecraft:bubble_coral_block":58,"minecraft:netherite_pickaxe":955,"minecraft:horn_coral_block":38,"minecraft:smooth_stone":1},"minecraft:killed_by":{"minecraft:player":16},"minecraft:crafted":{"minecraft:purpur_slab":12,"minecraft:golden_chestplate":5,"minecraft:iron_nugget":9,"minecraft:gold_nugget":9,"minecraft:purpur_pillar":1,"minecraft:stick":28,"minecraft:white_bed":1,"minecraft:dark_oak_planks":4,"minecraft:golden_helmet":2,"minecraft:golden_boots":1,"minecraft:golden_hoe":1,"minecraft:glistering_melon_slice":1},"minecraft:custom":{"minecraft:mob_kills":2,"minecraft:interact_with_crafting_table":24,"minecraft:play_one_minute":470955,"minecraft:damage_dealt_resisted":520,"minecraft:leave_game":10,"minecraft:time_since_death":7729,"minecraft:climb_one_cm":3376,"minecraft:damage_resisted":5579,"minecraft:time_since_rest":7730,"minecraft:sprint_one_cm":1893673,"minecraft:open_enderchest":17,"minecraft:damage_taken":5110,"minecraft:walk_one_cm":457621,"minecraft:trigger_trapped_chest":23,"minecraft:drop":52,"minecraft:damage_dealt":1319,"minecraft:swim_one_cm":87477,"minecraft:fly_one_cm":2078803,"minecraft:player_kills":4,"minecraft:open_chest":70,"minecraft:crouch_one_cm":9649,"minecraft:deaths":25,"minecraft:sneak_time":17008,"minecraft:walk_under_water_one_cm":101225,"minecraft:jump":4390,"minecraft:walk_on_water_one_cm":1363,"minecraft:fall_one_cm":162820}},"DataVersion":2584}