{"stats":{"minecraft:killed_by":{"minecraft:player":134,"minecraft:creeper":1,"minecraft:warden":3},"minecraft:dropped":{"minecraft:purple_terracotta":1,"minecraft:netherite_pickaxe":3,"minecraft:diamond":5,"minecraft:leather_horse_armor":1,"minecraft:purple_wool":1,"minecraft:polished_blackstone_slab":17,"minecraft:stripped_oak_wood":1,"minecraft:dark_oak_planks":5,"minecraft:white_wool":14,"minecraft:oak_door":1,"minecraft:player_head":2,"minecraft:tinted_glass":1,"minecraft:netherite_sword":105,"minecraft:blue_wool":56,"minecraft:diamond_ore":3,"minecraft:shears":1,"minecraft:diamond_pickaxe":42,"minecraft:pink_wool":2,"minecraft:fire_coral_block":3,"minecraft:sniffer_spawn_egg":412},"minecraft:custom":{"minecraft:interact_with_smithing_table":1,"minecraft:mob_kills":14,"minecraft:interact_with_crafting_table":48,"minecraft:open_barrel":19,"minecraft:damage_dealt_resisted":520,"minecraft:leave_game":44,"minecraft:time_since_death":19539,"minecraft:climb_one_cm":80785,"minecraft:damage_resisted":41904,"minecraft:sprint_one_cm":3938619,"minecraft:walk_one_cm":1379200,"minecraft:drop":619,"minecraft:damage_dealt_absorbed":33,"minecraft:talked_to_villager":7,"minecraft:play_time":1030577,"minecraft:deaths":154,"minecraft:sneak_time":57802,"minecraft:walk_under_water_one_cm":102061,"minecraft:jump":11766,"minecraft:walk_on_water_one_cm":3884,"minecraft:total_world_time":559622,"minecraft:tune_noteblock":10,"minecraft:pot_flower":2,"minecraft:time_since_rest":19540,"minecraft:open_enderchest":41,"minecraft:damage_taken":82533,"minecraft:damage_absorbed":343,"minecraft:trigger_trapped_chest":28,"minecraft:minecart_one_cm":6574,"minecraft:damage_dealt":8375,"minecraft:swim_one_cm":87589,"minecraft:fly_one_cm":5305950,"minecraft:player_kills":66,"minecraft:open_chest":212,"minecraft:crouch_one_cm":103026,"minecraft:aviate_one_cm":48,"minecraft:fall_one_cm":547694},"minecraft:crafted":{"minecraft:tripwire_hook":2,"minecraft:golden_chestplate":5,"minecraft:iron_nugget":18,"minecraft:chain":1,"minecraft:polished_blackstone_slab":6,"minecraft:purpur_stairs":16,"minecraft:purpur_pillar":1,"minecraft:dark_oak_planks":12,"minecraft:golden_helmet":2,"minecraft:golden_boots":1,"minecraft:glistering_melon_slice":1,"minecraft:redstone_lamp":1,"minecraft:diamond_sword":1,"minecraft:purpur_slab":12,"minecraft:smithing_table":1,"minecraft:gold_nugget":9,"minecraft:stick":36,"minecraft:white_bed":3,"minecraft:golden_hoe":1},"minecraft:mined":{"minecraft:dark_oak_planks":47,"minecraft:yellow_terracotta":1,"minecraft:diamond_ore":5,"minecraft:dark_oak_log":8,"minecraft:carved_pumpkin":2,"minecraft:obsidian":7,"minecraft:lime_wool":9,"minecraft:lime_stained_glass":1,"minecraft:blue_wool":6,"minecraft:redstone_ore":3,"minecraft:glowstone":1,"minecraft:iron_ore":16,"minecraft:gold_block":1,"minecraft:bookshelf":2,"minecraft:rail":4,"minecraft:white_wool":16,"minecraft:glass_pane":41,"minecraft:red_wool":7,"minecraft:red_bed":1,"minecraft:soul_sand":1,"minecraft:blue_stained_glass":2,"minecraft:melon":3,"minecraft:glass":8,"minecraft:cobblestone":2,"minecraft:slime_block":2,"minecraft:oak_planks":7,"minecraft:bricks":7,"minecraft:blue_bed":1,"minecraft:lime_bed":1,"minecraft:yellow_wool":12,"minecraft:purpur_block":42,"minecraft:yellow_bed":2,"minecraft:coal_ore":3,"minecraft:lime_terracotta":2,"minecraft:polished_blackstone":11,"minecraft:yellow_stained_glass":1,"minecraft:gold_ore":1038},"minecraft:picked_up":{"minecraft:purple_wool":1,"minecraft:pink_wool":2,"minecraft:wooden_sword":1,"minecraft:netherite_sword":105,"minecraft:player_head":2,"minecraft:tinted_glass":1,"minecraft:diamond_ore":3,"minecraft:sniffer_spawn_egg":412,"minecraft:oak_door":1,"minecraft:oak_fence":1,"minecraft:porkchop":272,"minecraft:zombified_piglin_spawn_egg":1,"minecraft:netherite_pickaxe":3,"minecraft:purple_terracotta":1,"minecraft:dark_oak_planks":5,"minecraft:gold_ingot":934,"minecraft:leather_horse_armor":1,"minecraft:white_wool":13,"minecraft:fire_coral_block":3,"minecraft:iron_ingot":3969,"minecraft:stripped_oak_wood":1,"minecraft:polished_blackstone_slab":13,"minecraft:diamond_shovel":3,"minecraft:diamond":39,"minecraft:diamond_axe":3,"minecraft:emerald":27,"minecraft:diamond_pickaxe":46},"minecraft:broken":{"minecraft:bow":4},"minecraft:used":{"minecraft:oak_fence":23,"minecraft:trident":101,"minecraft:netherite_sword":47,"minecraft:jungle_leaves":2,"minecraft:stone_sword":9,"minecraft:red_concrete":13,"minecraft:redstone":29,"minecraft:carrot_on_a_stick":81,"minecraft:oak_sign":45,"minecraft:tinted_glass":2,"minecraft:white_terracotta":74,"minecraft:iron_sword":125,"minecraft:bubble_coral":7,"minecraft:player_head":19,"minecraft:green_terracotta":11,"minecraft:tube_coral":7,"minecraft:oak_door":2,"minecraft:dirt":2,"minecraft:spyglass":39,"minecraft:blue_stained_glass":59,"minecraft:nether_brick_slab":1,"minecraft:orange_wool":1,"minecraft:pink_terracotta":37,"minecraft:light_blue_stained_glass":7,"minecraft:blue_concrete":66,"minecraft:snowball":18,"minecraft:warden_spawn_egg":8,"minecraft:iron_hoe":59,"minecraft:brown_terracotta":555,"minecraft:bricks":141,"minecraft:red_wool":100,"minecraft:yellow_stained_glass":68,"minecraft:grass_block":14,"minecraft:green_wool":46,"minecraft:dark_oak_slab":1,"minecraft:pink_wool":4,"minecraft:golden_sword":9,"minecraft:bow":98,"minecraft:lime_concrete":198,"minecraft:sniffer_spawn_egg":1,"minecraft:black_stained_glass":2,"minecraft:horn_coral":8,"minecraft:goat_horn":34,"minecraft:lime_stained_glass":115,"minecraft:netherite_pickaxe":1033,"minecraft:horn_coral_block":38,"minecraft:egg":39,"minecraft:orange_terracotta":1,"minecraft:brain_coral_block":47,"minecraft:quartz_bricks":1,"minecraft:tube_coral_block":16,"minecraft:red_stained_glass":6,"minecraft:powered_rail":8,"minecraft:lime_wool":58,"minecraft:oak_planks":229,"minecraft:blue_wool":94,"minecraft:sandstone":1,"minecraft:diamond_axe":93,"minecraft:green_bed":4,"minecraft:gold_ore":1,"minecraft:white_wool":63,"minecraft:golden_apple":13,"minecraft:yellow_terracotta":38,"minecraft:lime_terracotta":49,"minecraft:sand":6,"minecraft:rail":25,"minecraft:terracotta":100,"minecraft:light_blue_concrete":58,"minecraft:oak_slab":9,"minecraft:strider_spawn_egg":3,"minecraft:purple_terracotta":108,"minecraft:fire_coral":10,"minecraft:gray_concrete":65,"minecraft:end_stone":116,"minecraft:oak_log":12,"minecraft:purple_stained_glass":2,"minecraft:dark_prismarine":4,"minecraft:diamond_pickaxe":128,"minecraft:red_sandstone":1,"minecraft:black_concrete":225,"minecraft:light_gray_concrete":43,"minecraft:lime_carpet":39,"minecraft:barrier":4,"minecraft:iron_pickaxe":13,"minecraft:leather_helmet":167,"minecraft:red_terracotta":88,"minecraft:yellow_wool":374,"minecraft:fishing_rod":2,"minecraft:fire_coral_block":71,"minecraft:wooden_sword":18,"minecraft:potion":4,"minecraft:stripped_oak_wood":344,"minecraft:bubble_coral_block":58,"minecraft:white_concrete":348,"minecraft:warped_button":1,"minecraft:smooth_stone":1,"minecraft:purple_wool":19},"minecraft:killed":{"minecraft:pig":1,"minecraft:player":11}},"DataVersion":3578}