{"stats":{"minecraft:used":{"minecraft:iron_hoe":6,"minecraft:netherite_sword":1,"minecraft:trident":9,"minecraft:diamond_pickaxe":20,"minecraft:black_wool":103,"minecraft:diamond_shovel":1,"minecraft:red_wool":178,"minecraft:yellow_stained_glass":80,"minecraft:oak_planks":14,"minecraft:oak_sign":1,"minecraft:ender_pearl":4,"minecraft:leather_helmet":117,"minecraft:iron_sword":3,"minecraft:diamond_axe":6,"minecraft:yellow_wool":438,"minecraft:golden_apple":4,"minecraft:white_wool":36,"minecraft:diamond_sword":112,"minecraft:wooden_sword":11,"minecraft:potion":3,"minecraft:goat_horn":5,"minecraft:orange_wool":15,"minecraft:shears":1,"minecraft:snowball":6,"minecraft:end_stone":48,"minecraft:obsidian":16},"minecraft:crafted":{"minecraft:stick":4,"minecraft:soul_torch":4,"minecraft:smithing_table":1,"minecraft:bricks":1,"minecraft:flower_pot":1,"minecraft:purpur_stairs":4},"minecraft:mined":{"minecraft:dark_oak_planks":6,"minecraft:glass_pane":6,"minecraft:red_wool":1,"minecraft:red_bed":2,"minecraft:soul_sand":1,"minecraft:yellow_wool":11,"minecraft:iron_ore":4,"minecraft:purpur_block":7,"minecraft:coal_ore":1,"minecraft:bricks":7},"minecraft:killed_by":{"minecraft:player":18},"minecraft:custom":{"minecraft:time_since_rest":82,"minecraft:damage_absorbed":44,"minecraft:sprint_one_cm":450894,"minecraft:damage_taken":6138,"minecraft:walk_one_cm":153728,"minecraft:trigger_trapped_chest":72,"minecraft:mob_kills":3,"minecraft:drop":1,"minecraft:damage_dealt":894,"minecraft:damage_dealt_absorbed":145,"minecraft:interact_with_crafting_table":5,"minecraft:fly_one_cm":609248,"minecraft:player_kills":9,"minecraft:open_chest":79,"minecraft:crouch_one_cm":52901,"minecraft:play_time":100376,"minecraft:deaths":19,"minecraft:sneak_time":11648,"minecraft:walk_under_water_one_cm":98,"minecraft:jump":1845,"minecraft:leave_game":1,"minecraft:walk_on_water_one_cm":113,"minecraft:time_since_death":80,"minecraft:damage_resisted":3674,"minecraft:climb_one_cm":12170,"minecraft:total_world_time":100376,"minecraft:fall_one_cm":130896},"minecraft:dropped":{"minecraft:leather_helmet":1},"minecraft:picked_up":{"minecraft:leather_helmet":1,"minecraft:diamond":133,"minecraft:iron_ingot":1801,"minecraft:gold_ingot":362,"minecraft:emerald":106}},"DataVersion":3578}